domain_name,trust_scores,reviewers,domain_address,overal_rate,star_5,star_4,star_3,star_2,star_1,domain_url,website
National Business Capital,5.0,2489,"Hauppauge, NY, United States",Excellent,98,1,1,1,1,https://www.trustpilot.com/review/nationalbusinesscapital.com,http://www.NationalBusinessCapital.com?utm_medium=company_profile&utm_source=trustpilot&utm_campaign=logo_click
SBG Funding,5.0,2061,"New York, United States",Excellent,98,1,1,1,1,https://www.trustpilot.com/review/sbgfunding.com,http://sbgfunding.com?utm_medium=company_profile&utm_source=trustpilot&utm_campaign=logo_click
Heights Finance Corporation,4.9,20420,"Greenville , United States",Excellent,96,3,1,1,1,https://www.trustpilot.com/review/heightsfinance.com,http://heightsfinance.com?utm_medium=company_profile&utm_source=trustpilot&utm_campaign=logo_click
Americor,4.9,15549,"Irvine, United States",Excellent,91,5,1,1,2,https://www.trustpilot.com/review/americor.com,https://americor.com/?utm_medium=company_profile&utm_source=trustpilot&utm_campaign=logo_click
Dollar Loan Center,4.9,7625,,Excellent,90,5,2,1,2,https://www.trustpilot.com/review/www.dontbebroke.com,https://www.dontbebroke.com?utm_medium=company_profile&utm_source=trustpilot&utm_campaign=logo_click
aven.com,4.9,2963,,Excellent,95,3,1,1,2,https://www.trustpilot.com/review/aven.com,http://aven.com?utm_medium=company_profile&utm_source=trustpilot&utm_campaign=logo_click
Lendah,4.9,2539,"Beverly, United States",Excellent,98,2,1,1,1,https://www.trustpilot.com/review/lendah.com,http://lendah.com?utm_medium=company_profile&utm_source=trustpilot&utm_campaign=logo_click
Big Think Capital,4.9,2330,"Melville, United States",Excellent,97,2,1,1,1,https://www.trustpilot.com/review/bigthinkcapital.com,http://bigthinkcapital.com?utm_medium=company_profile&utm_source=trustpilot&utm_campaign=logo_click
Inheritance Funding,4.9,484,"San Francisco, CA, United States",Excellent,91,5,3,1,1,https://www.trustpilot.com/review/www.inheritancefunding.com,http://www.inheritancefunding.com?utm_medium=company_profile&utm_source=trustpilot&utm_campaign=logo_click
Evergreen Credit Union,4.9,250,"Portland, United States",Excellent,95,2,1,1,1,https://www.trustpilot.com/review/egcu.org,http://egcu.org?utm_medium=company_profile&utm_source=trustpilot&utm_campaign=logo_click
SOS Capital,4.9,194,"New York, United States",Excellent,95,2,1,1,2,https://www.trustpilot.com/review/soscapital.com,http://soscapital.com?utm_medium=company_profile&utm_source=trustpilot&utm_campaign=logo_click
Doc2Doc Lending,4.9,183,"Atlanta, United States",Excellent,97,1,1,0,1,https://www.trustpilot.com/review/doc2doclending.com,https://www.doc2doclending.com?utm_medium=company_profile&utm_source=trustpilot&utm_campaign=logo_click
WYN Financial ,4.9,181,"Boca Raton, United States",Excellent,99,1,0,0,0,https://www.trustpilot.com/review/wynfinancial.com,http://wynfinancial.com?utm_medium=company_profile&utm_source=trustpilot&utm_campaign=logo_click
Viva Capital Funding,4.9,176,,Excellent,94,5,0,1,0,https://www.trustpilot.com/review/vivacf.net,http://vivacf.net?utm_medium=company_profile&utm_source=trustpilot&utm_campaign=logo_click
Rateworks,4.9,174,"Salt Lake City, United States",Excellent,97,3,0,0,0,https://www.trustpilot.com/review/rateworks.com,https://www.rateworks.com?utm_medium=company_profile&utm_source=trustpilot&utm_campaign=logo_click
Kovo,4.9,129,"Beaverton, United States",Excellent,94,5,1,0,0,https://www.trustpilot.com/review/kovocredit.com,https://kovocredit.com?utm_medium=company_profile&utm_source=trustpilot&utm_campaign=logo_click
Advance America,4.8,89360,,Excellent,91,5,1,1,2,https://www.trustpilot.com/review/advanceamerica.net,https://www.advanceamerica.net/?utm_medium=company_profile&utm_source=trustpilot&utm_campaign=logo_click
OneMain Financial,4.8,59317,"Evansville, IN, United States",Excellent,89,6,1,1,3,https://www.trustpilot.com/review/onemainfinancial.com,https://www.onemainfinancial.com?utm_medium=company_profile&utm_source=trustpilot&utm_campaign=logo_click
Lendio,4.8,20798,"Lehi, United States",Excellent,90,5,1,1,3,https://www.trustpilot.com/review/www.lendio.com,http://www.lendio.com?utm_medium=company_profile&utm_source=trustpilot&utm_campaign=logo_click
NetCredit,4.8,16990,"Chicago, United States",Excellent,86,7,2,1,4,https://www.trustpilot.com/review/netcredit.com,https://www.netcredit.com?utm_medium=company_profile&utm_source=trustpilot&utm_campaign=logo_click
1st Franklin Financial Corporation,4.8,16131,"Toccoa, United States",Excellent,93,4,1,1,2,https://www.trustpilot.com/review/1ffc.com,https://www.1ffc.com?utm_medium=company_profile&utm_source=trustpilot&utm_campaign=logo_click
Amscot,4.8,12620,"Tampa, United States",Excellent,87,6,2,1,4,https://www.trustpilot.com/review/amscot.com,https://www.Amscot.com?utm_medium=company_profile&utm_source=trustpilot&utm_campaign=logo_click
Oportun,4.8,10852,,Excellent,91,4,1,1,3,https://www.trustpilot.com/review/oportun.com,http://oportun.com?utm_medium=company_profile&utm_source=trustpilot&utm_campaign=logo_click
"Strong Home Mortgage, LLC",4.8,4772,"Manassas, United States",Excellent,90,5,2,2,1,https://www.trustpilot.com/review/stronghome.com,https://stronghome.com?utm_medium=company_profile&utm_source=trustpilot&utm_campaign=logo_click
Sungage Financial,4.8,1555,"Boston, United States",Excellent,90,7,1,1,1,https://www.trustpilot.com/review/sungagefinancial.com,http://sungagefinancial.com?utm_medium=company_profile&utm_source=trustpilot&utm_campaign=logo_click
Maventrading,4.8,722,,Excellent,89,7,1,1,3,https://www.trustpilot.com/review/maventrading.com,http://maventrading.com?utm_medium=company_profile&utm_source=trustpilot&utm_campaign=logo_click
Lively,4.8,634,,Excellent,89,5,2,2,2,https://www.trustpilot.com/review/livelyme.com,https://livelyme.com?utm_medium=company_profile&utm_source=trustpilot&utm_campaign=logo_click
Ava Finance,4.8,569,"Rancho Santa Margarita, United States",Excellent,91,5,1,1,2,https://www.trustpilot.com/review/meetava.com,http://meetava.com?utm_medium=company_profile&utm_source=trustpilot&utm_campaign=logo_click
Legal-Bay,4.8,242,"Caldwell, United States",Excellent,91,5,1,0,3,https://www.trustpilot.com/review/lawsuitssettlementfunding.com,http://lawsuitssettlementfunding.com?utm_medium=company_profile&utm_source=trustpilot&utm_campaign=logo_click
General Merchant Funding,4.8,237,"Hartford, United States",Excellent,96,3,0,1,1,https://www.trustpilot.com/review/generalmerchantfunding.com,http://generalmerchantfunding.com?utm_medium=company_profile&utm_source=trustpilot&utm_campaign=logo_click
Mutual Credit Union,4.8,203,"Vicksburg, United States",Excellent,94,1,1,1,3,https://www.trustpilot.com/review/mutualcu.org,http://mutualcu.org?utm_medium=company_profile&utm_source=trustpilot&utm_campaign=logo_click
4 Pillar Funding,4.8,82,"Saratoga Springs, United States",Excellent,98,2,0,0,0,https://www.trustpilot.com/review/4pillarfunding.com,http://4pillarfunding.com?utm_medium=company_profile&utm_source=trustpilot&utm_campaign=logo_click
Tower Loan,4.7,16157,"Flowood, United States",Excellent,86,7,2,1,4,https://www.trustpilot.com/review/towerloan.com,https://www.towerloan.com/?utm_medium=company_profile&utm_source=trustpilot&utm_campaign=logo_click
NewDay USA,4.7,8102,"Fulton, MD, United States",Excellent,83,8,3,2,4,https://www.trustpilot.com/review/newdayusa.com,https://www.newdayusa.com?utm_medium=company_profile&utm_source=trustpilot&utm_campaign=logo_click
Elastic,4.7,3203,"Cincinnati, United States",Excellent,85,10,2,1,2,https://www.trustpilot.com/review/elastic.com,https://www.elastic.com/?utm_medium=company_profile&utm_source=trustpilot&utm_campaign=logo_click
BankFive,4.7,2976,"Fall River, MA, United States",Excellent,85,6,3,2,4,https://www.trustpilot.com/review/www.bankfive.com,http://www.bankfive.com?utm_medium=company_profile&utm_source=trustpilot&utm_campaign=logo_click
MPOWER Financing,4.7,2104,"Washington, United States",Excellent,81,11,3,1,4,https://www.trustpilot.com/review/www.mpowerfinancing.com,http://www.mpowerfinancing.com?utm_medium=company_profile&utm_source=trustpilot&utm_campaign=logo_click
Above Lending,4.7,1990,"Northbrook, United States",Excellent,86,9,2,1,2,https://www.trustpilot.com/review/abovelending.com,http://abovelending.com?utm_medium=company_profile&utm_source=trustpilot&utm_campaign=logo_click
60MonthLoans,4.7,443,,Excellent,88,6,2,2,2,https://www.trustpilot.com/review/60monthloans.com,https://www.60monthloans.com?utm_medium=company_profile&utm_source=trustpilot&utm_campaign=logo_click
Golden Pear Funding,4.7,417,,Excellent,85,8,1,1,5,https://www.trustpilot.com/review/goldenpearfunding.com,https://goldenpearfunding.com?utm_medium=company_profile&utm_source=trustpilot&utm_campaign=logo_click
ByzFunder,4.7,371,"New York, United States",Excellent,91,4,1,1,4,https://www.trustpilot.com/review/byzfunder.com,http://byzfunder.com?utm_medium=company_profile&utm_source=trustpilot&utm_campaign=logo_click
Liberty First Credit Union,4.7,221,"Lincoln, United States",Excellent,93,3,2,1,1,https://www.trustpilot.com/review/libertyfirstcu.com,http://libertyfirstcu.com?utm_medium=company_profile&utm_source=trustpilot&utm_campaign=logo_click
Wisetack,4.7,116,,Excellent,86,5,3,0,6,https://www.trustpilot.com/review/www.wisetack.com,https://www.wisetack.com/?utm_campaign=Website%20Traffic%20Sources&utm_source=Organic%20Search&utm_medium=TP&utm_content=profile
Wealth Wizards Investments LTD ,4.7,93,,Excellent,88,9,0,0,3,https://www.trustpilot.com/review/wealthwizards.ltd,http://wealthwizards.ltd?utm_medium=company_profile&utm_source=trustpilot&utm_campaign=logo_click
Fizz,4.7,36,"New York, United States",Excellent,89,11,0,0,0,https://www.trustpilot.com/review/joinfizz.com,https://www.joinfizz.com/?utm_campaign=Trustpilot&utm_source=Profile&utm_medium=Direct
CashNetUSA,4.6,30568,"Chicago, IL, United States",Excellent,83,9,2,1,5,https://www.trustpilot.com/review/www.cashnetusa.com,https://www.cashnetusa.com?utm_medium=company_profile&utm_source=trustpilot&utm_campaign=logo_click
Biz2Credit,4.6,14816,"New York, United States",Excellent,83,5,1,1,10,https://www.trustpilot.com/review/biz2credit.com,http://www.biz2credit.com?utm_medium=company_profile&utm_source=trustpilot&utm_campaign=logo_click
Reprise Financial,4.6,4238,"Irving, United States",Excellent,81,9,3,2,5,https://www.trustpilot.com/review/reprisefinancial.com,https://RepriseFinancial.com?utm_medium=company_profile&utm_source=trustpilot&utm_campaign=logo_click
C2FO,4.6,567,"Leawood, United States",Excellent,86,6,2,2,4,https://www.trustpilot.com/review/www.c2fo.com,http://www.c2fo.com?utm_medium=company_profile&utm_source=trustpilot&utm_campaign=logo_click
Mutual of Omaha Reverse Mortgage,4.6,378,"San Diego, United States",Excellent,75,8,7,4,6,https://www.trustpilot.com/review/mutualofomahareverse.com,https://mutualreverse.com/?utm_medium=company_profile&utm_source=trustpilot&utm_campaign=logo_click
Found,4.6,271,,Excellent,85,6,3,1,6,https://www.trustpilot.com/review/found.com,https://found.com?utm_medium=company_profile&utm_source=trustpilot&utm_campaign=logo_click
MoneyGram International,4.5,36593,"Dallas, United States",Excellent,72,12,4,2,10,https://www.trustpilot.com/review/www.moneygram.com,http://www.moneygram.com?utm_medium=company_profile&utm_source=trustpilot&utm_campaign=logo_click
NHCash.com,4.5,1838,,Excellent,74,13,4,3,6,https://www.trustpilot.com/review/nhcash.com,https://www.nhcash.com?utm_medium=company_profile&utm_source=trustpilot&utm_campaign=logo_click
Zolve,4.5,197,"Houston, Texas, United States",Excellent,82,9,3,1,5,https://www.trustpilot.com/review/zolve.com,https://zolve.com?utm_medium=company_profile&utm_source=trustpilot&utm_campaign=logo_click
LDXA TRADE INVESTMENTS,4.5,159,,Excellent,85,9,0,0,6,https://www.trustpilot.com/review/ldxa-trade.com,http://ldxa-trade.online?utm_medium=company_profile&utm_source=trustpilot&utm_campaign=logo_click
Choice,4.5,103,,Excellent,85,0,4,2,9,https://www.trustpilot.com/review/choiceapp.io,http://choiceapp.io?utm_medium=company_profile&utm_source=trustpilot&utm_campaign=logo_click
StellarFi,4.5,84,"Austin, United States",Excellent,85,7,1,1,6,https://www.trustpilot.com/review/stellarfi.com,http://stellarfi.com?utm_medium=company_profile&utm_source=trustpilot&utm_campaign=logo_click
Spotloan,4.4,25716,"Belcourt, United States",Excellent,79,10,4,2,5,https://www.trustpilot.com/review/www.spotloan.com,https://www.spotloan.com/?utm_medium=company_profile&utm_source=trustpilot&utm_campaign=logo_click
Exeter Finance,4.4,6500,"Irving, TX, United States",Excellent,73,9,4,2,12,https://www.trustpilot.com/review/exeterfinance.com,https://www.exeterfinance.com?utm_medium=company_profile&utm_source=trustpilot&utm_campaign=logo_click
Cash Factory USA,4.4,3123,"Las Vegas, United States",Excellent,83,9,3,1,4,https://www.trustpilot.com/review/cashfactoryusa.com,https://cashfactoryusa.com?utm_medium=company_profile&utm_source=trustpilot&utm_campaign=logo_click
Next Loan Lending,4.4,2981,,Excellent,76,10,4,2,8,https://www.trustpilot.com/review/nextloanlending.com,http://nextloanlending.com?utm_medium=company_profile&utm_source=trustpilot&utm_campaign=logo_click
Credit Union of New Jersey,4.4,2913,,Excellent,73,8,4,5,10,https://www.trustpilot.com/review/www.cunj.com,http://www.cunj.com?utm_medium=company_profile&utm_source=trustpilot&utm_campaign=logo_click
Northern Star Lending,4.4,1468,"Keshena, United States",Excellent,74,10,3,3,10,https://www.trustpilot.com/review/northernstarlending.com,http://northernstarlending.com?utm_medium=company_profile&utm_source=trustpilot&utm_campaign=logo_click
MaxLend,4.4,1090,"Parshall, United States",Excellent,76,6,2,1,15,https://www.trustpilot.com/review/maxlend.com,http://maxlend.com?utm_medium=company_profile&utm_source=trustpilot&utm_campaign=logo_click
Republic,4.4,297,"New York, United States",Excellent,74,14,3,2,7,https://www.trustpilot.com/review/republic.co,http://republic.com?utm_medium=company_profile&utm_source=trustpilot&utm_campaign=logo_click
Currency,4.4,255,"Scottsdale, United States",Excellent,80,4,5,3,8,https://www.trustpilot.com/review/www.gocurrency.com,https://www.gocurrency.com?utm_medium=company_profile&utm_source=trustpilot&utm_campaign=logo_click
Servbank,4.4,38,"Phoenix, United States",Excellent,84,5,0,3,8,https://www.trustpilot.com/review/servbank.com,http://servbank.com ?utm_medium=company_profile&utm_source=trustpilot&utm_campaign=logo_click
TreslÂ®,4.3,5678,"Leander, United States",Excellent,80,8,3,2,7,https://www.trustpilot.com/review/mytresl.com,https://www.mytresl.com?utm_medium=company_profile&utm_source=trustpilot&utm_campaign=logo_click
Post Lake Lending,4.3,2090,"Crandon, United States",Excellent,74,11,3,2,10,https://www.trustpilot.com/review/postlakelending.com,http://postlakelending.com?utm_medium=company_profile&utm_source=trustpilot&utm_campaign=logo_click
Bank5 Connect,4.3,493,,Excellent,62,19,7,5,7,https://www.trustpilot.com/review/www.bank5connect.com,http://www.bank5connect.com?utm_medium=company_profile&utm_source=trustpilot&utm_campaign=logo_click
Giggle Finance,4.3,420,"Miami, United States",Excellent,79,5,2,1,13,https://www.trustpilot.com/review/gigglefinance.com,http://gigglefinance.com?utm_medium=company_profile&utm_source=trustpilot&utm_campaign=logo_click
Millennium Trust,4.2,40296,"Oak Brook, United States",Great,70,8,4,4,14,https://www.trustpilot.com/review/www.mtrustcompany.com,http://www.mtrustcompany.com?utm_medium=company_profile&utm_source=trustpilot&utm_campaign=logo_click
Netspend,4.2,28503,"Austin, United States",Great,68,10,5,4,13,https://www.trustpilot.com/review/www.netspend.com,http://www.netspend.com?utm_medium=company_profile&utm_source=trustpilot&utm_campaign=logo_click
Current,4.2,5125,,Great,69,7,5,3,16,https://www.trustpilot.com/review/current.com,http://current.com?utm_medium=company_profile&utm_source=trustpilot&utm_campaign=logo_click
Right Now Loans,4.2,2860,"Clearlake, United States",Great,70,9,5,3,13,https://www.trustpilot.com/review/rightnowloan.com,http://rightnowloan.com?utm_medium=company_profile&utm_source=trustpilot&utm_campaign=logo_click
West Side Lending,4.2,1967,"Keshena, WI, United States",Great,71,10,4,2,13,https://www.trustpilot.com/review/westsidelend.com,http://westsidelend.com?utm_medium=company_profile&utm_source=trustpilot&utm_campaign=logo_click
Finance of America Reverse,4.2,611,"Tulsa, OK, United States",Great,70,10,3,3,14,https://www.trustpilot.com/review/www.fareverse.com,https://www.fareverse.com/?utm_medium=company_profile&utm_source=trustpilot&utm_campaign=logo_click
Afriex,4.2,523,,Great,71,6,3,2,18,https://www.trustpilot.com/review/afriex.co,https://www.afriexapp.com/?utm_medium=company_profile&utm_source=trustpilot&utm_campaign=logo_click
Atlas Personal Finance,4.2,83,"Orrick, United States",Great,70,7,2,1,20,https://www.trustpilot.com/review/atlaspersonalfinance.com,https://AtlasPersonalFinance.com?utm_medium=company_profile&utm_source=trustpilot&utm_campaign=logo_click
LevelUp Funding,4.2,49,"Ft. Thompson, United States",Great,76,8,0,2,14,https://www.trustpilot.com/review/levelupfunding.com,http://levelupfunding.com?utm_medium=company_profile&utm_source=trustpilot&utm_campaign=logo_click
East Line Lending,4.1,1127,"Keshena, United States",Great,68,11,4,3,14,https://www.trustpilot.com/review/eastlinelending.com,http://eastlinelending.com?utm_medium=company_profile&utm_source=trustpilot&utm_campaign=logo_click
LoanMart,4.1,397,"Los Angeles, United States",Great,84,7,1,1,7,https://www.trustpilot.com/review/www.800loanmart.com,http://www.800loanmart.com?utm_medium=company_profile&utm_source=trustpilot&utm_campaign=logo_click
Wasatch Peaks Credit Union,4.0,601,"Ogden, United States",Great,78,9,4,3,6,https://www.trustpilot.com/review/wasatchpeaks.com,https://wasatchpeaks.com?utm_medium=company_profile&utm_source=trustpilot&utm_campaign=logo_click
First Tech Federal Credit Union,4.0,438,,Great,73,6,4,5,12,https://www.trustpilot.com/review/www.firsttechfed.com,https://www.firsttechfed.com?utm_medium=company_profile&utm_source=trustpilot&utm_campaign=logo_click
Stenson Tamaddon,4.0,139,"Phoenix , United States",Great,69,6,5,7,13,https://www.trustpilot.com/review/stentam.com,http://stentam.com?utm_medium=company_profile&utm_source=trustpilot&utm_campaign=logo_click
Interactive Brokers,3.7,2390,"Greenwich, United States",Average,44,21,8,4,23,https://www.trustpilot.com/review/interactivebrokers.com,http://interactivebrokers.com?utm_medium=company_profile&utm_source=trustpilot&utm_campaign=logo_click
"Wefunder, Inc.",3.7,336,"San Francisco, United States",Average,51,10,9,9,21,https://www.trustpilot.com/review/wefunder.com,http://www.wefunder.com?utm_medium=company_profile&utm_source=trustpilot&utm_campaign=logo_click
MoneyThumb,3.6,67,"Encintas, United States",Average,58,3,4,2,33,https://www.trustpilot.com/review/www.moneythumb.com,http://www.moneythumb.com?utm_medium=company_profile&utm_source=trustpilot&utm_campaign=logo_click
Grasshopper Bank,3.3,68,"New York, United States",Average,55,1,1,3,40,https://www.trustpilot.com/review/www.grasshopper.bank,http://www.grasshopper.bank?utm_medium=company_profile&utm_source=trustpilot&utm_campaign=logo_click
Stockpile,3.1,1840,"Palo Alto, United States",Average,59,13,7,4,17,https://www.trustpilot.com/review/stockpile.com,https://www.stockpile.com?utm_medium=company_profile&utm_source=trustpilot&utm_campaign=logo_click
Oxygen,2.9,257,"San Francisco, United States",Average,32,3,4,3,58,https://www.trustpilot.com/review/oxygen.us,https://oxygen.us?utm_medium=company_profile&utm_source=trustpilot&utm_campaign=logo_click
Gravitylending,5.0,1688,"Austin, United States",Excellent,99,1,1,0,1,https://www.trustpilot.com/review/www.gravitylending.com,http://www.gravitylending.com?utm_medium=company_profile&utm_source=trustpilot&utm_campaign=logo_click
Texas Bay Credit Union,4.9,1408,"Houston, United States",Excellent,97,1,1,1,1,https://www.trustpilot.com/review/texasbaycu.org,http://texasbaycu.org?utm_medium=company_profile&utm_source=trustpilot&utm_campaign=logo_click
Progressive Leasing,4.9,1394,"Draper, United States",Excellent,92,4,1,1,4,https://www.trustpilot.com/review/progleasing.com,http://progleasing.com?utm_medium=company_profile&utm_source=trustpilot&utm_campaign=logo_click
The Financial Gym,4.9,450,"New York, United States",Excellent,91,4,2,1,2,https://www.trustpilot.com/review/www.financialgym.com,http://www.financialgym.com?utm_medium=company_profile&utm_source=trustpilot&utm_campaign=logo_click
Green Sea Funding,4.9,146,,Excellent,98,1,0,0,1,https://www.trustpilot.com/review/greenseafunding.com,http://greenseafunding.com?utm_medium=company_profile&utm_source=trustpilot&utm_campaign=logo_click
Express Trade Capital,4.9,78,"New York, United States",Excellent,99,0,1,0,0,https://www.trustpilot.com/review/expresstradecapital.com,http://expresstradecapital.com?utm_medium=company_profile&utm_source=trustpilot&utm_campaign=logo_click
Amur Equipment Finance,4.8,2244,"Grand Island, United States",Excellent,86,3,1,2,8,https://www.trustpilot.com/review/www.amuref.com,https://www.amuref.com/?utm_medium=company_profile&utm_source=trustpilot&utm_campaign=logo_click
United Capital Source Inc.,4.8,1101,"New York, NY, United States",Excellent,96,3,1,1,1,https://www.trustpilot.com/review/unitedcapitalsource.com,http://www.unitedcapitalsource.com?utm_medium=company_profile&utm_source=trustpilot&utm_campaign=logo_click
TP Demo,4.8,704,,Excellent,66,25,6,2,1,https://www.trustpilot.com/review/trustpilotdemo.com,http://trustpilotdemo.com?utm_medium=company_profile&utm_source=trustpilot&utm_campaign=logo_click
Debthunch,4.8,339,"Whitefish, United States",Excellent,88,6,2,2,2,https://www.trustpilot.com/review/debthunch.com,https://www.debthunch.com?utm_medium=company_profile&utm_source=trustpilot&utm_campaign=logo_click
Uplyft Capital,4.8,311,"Sunny Isles Beach, United States",Excellent,91,4,0,1,4,https://www.trustpilot.com/review/uplyftcapital.com,http://uplyftcapital.com?utm_medium=company_profile&utm_source=trustpilot&utm_campaign=logo_click
Upwise Capital,4.8,144,"NY, United States",Excellent,96,1,0,0,3,https://www.trustpilot.com/review/upwisecapital.com,http://www.upwisecapital.com?utm_medium=company_profile&utm_source=trustpilot&utm_campaign=logo_click
"Pango Financial, LLC",4.8,121,"Wilmington, United States",Excellent,92,4,1,2,1,https://www.trustpilot.com/review/pangofinancial.com,http://pangofinancial.com?utm_medium=company_profile&utm_source=trustpilot&utm_campaign=logo_click
Universal Funding Corporation,4.8,61,"Spokane, United States",Excellent,88,7,0,0,5,https://www.trustpilot.com/review/universalfunding.com,https://www.universalfunding.com?utm_medium=company_profile&utm_source=trustpilot&utm_campaign=logo_click
QP CAPITAL,4.8,57,"LOUISVILLE, United States",Excellent,98,0,0,0,2,https://www.trustpilot.com/review/qpfactoring.com,http://qpfactoring.com?utm_medium=company_profile&utm_source=trustpilot&utm_campaign=logo_click
altLINE | The Southern Bank Company,4.8,50,"Birmingham, United States",Excellent,96,4,0,0,0,https://www.trustpilot.com/review/sobanco.com,https://altline.sobanco.com?utm_medium=company_profile&utm_source=trustpilot&utm_campaign=logo_click
BankSocial,4.8,48,"Burnaby, United States",Excellent,98,2,0,0,0,https://www.trustpilot.com/review/www.banksocial.io,http://www.banksocial.io?utm_medium=company_profile&utm_source=trustpilot&utm_campaign=logo_click
The Merchant Solutions,4.8,48,"Woodland Hills, United States",Excellent,100,0,0,0,0,https://www.trustpilot.com/review/themerchantsolutions.com,http://themerchantsolutions.com?utm_medium=company_profile&utm_source=trustpilot&utm_campaign=logo_click
Fluid Capital,4.8,40,"New York, United States",Excellent,97,3,0,0,0,https://www.trustpilot.com/review/fluidbusinessresource.com,https://myfluidcapital.com/?utm_medium=company_profile&utm_source=trustpilot&utm_campaign=logo_click
SoFi,4.7,7252,,Excellent,82,6,3,2,7,https://www.trustpilot.com/review/sofi.com,https://www.sofi.com?utm_medium=company_profile&utm_source=trustpilot&utm_campaign=logo_click
BHG Money,4.7,3019,,Excellent,86,5,1,1,7,https://www.trustpilot.com/review/bhgmoney.com,https://bhgmoney.com/?utm_medium=company_profile&utm_source=trustpilot&utm_campaign=logo_click
Lili,4.7,2543,"New York, United States",Excellent,86,7,1,1,6,https://www.trustpilot.com/review/lili.co,http://lili.co?utm_medium=company_profile&utm_source=trustpilot&utm_campaign=logo_click
MyFundedFX,4.7,1100,,Excellent,90,4,1,1,5,https://www.trustpilot.com/review/myfundedfx.com,http://myfundedfx.com?utm_medium=company_profile&utm_source=trustpilot&utm_campaign=logo_click
torro.com,4.7,741,,Excellent,91,2,1,1,5,https://www.trustpilot.com/review/torro.com,http://torro.com?utm_medium=company_profile&utm_source=trustpilot&utm_campaign=logo_click
Kapitus,4.7,432,"New York, United States",Excellent,85,4,1,1,9,https://www.trustpilot.com/review/kapitus.com,https://www.kapitus.com?utm_medium=company_profile&utm_source=trustpilot&utm_campaign=logo_click
Vantis Life Insurance,4.7,262,"Windsor, United States",Excellent,82,12,3,1,3,https://www.trustpilot.com/review/vantislife.com,https://www.vantislife.com?utm_medium=company_profile&utm_source=trustpilot&utm_campaign=logo_click
Covington Credit,4.7,128,"Temple, United States",Excellent,96,1,0,1,2,https://www.trustpilot.com/review/covington-credit.com,http://covington-credit.com?utm_medium=company_profile&utm_source=trustpilot&utm_campaign=logo_click
Honeycomb Credit,4.7,78,"Pittsburgh, United States",Excellent,94,1,0,1,4,https://www.trustpilot.com/review/honeycombcredit.com,http://honeycombcredit.com?utm_medium=company_profile&utm_source=trustpilot&utm_campaign=logo_click
Mechanics Cooperative Bank,4.7,61,"Taunton, United States",Excellent,93,3,2,2,0,https://www.trustpilot.com/review/mechanics-coop.com,http://mechanics-coop.com?utm_medium=company_profile&utm_source=trustpilot&utm_campaign=logo_click
Economic Justice Fund ,4.7,52,"Sacramento , United States",Excellent,96,0,0,2,2,https://www.trustpilot.com/review/economicjusticefund.org,http://economicjusticefund.org?utm_medium=company_profile&utm_source=trustpilot&utm_campaign=logo_click
Good Funding,4.7,37,,Excellent,100,0,0,0,0,https://www.trustpilot.com/review/goodfunding.com,http://www.goodfunding.com?utm_medium=company_profile&utm_source=trustpilot&utm_campaign=logo_click
Armadainvestmenttrading & Co.,4.7,32,"Jacksonville, United States",Excellent,100,0,0,0,0,https://www.trustpilot.com/review/armadainvestmenttrading.net,https://armadainvestmenttrading.net?utm_medium=company_profile&utm_source=trustpilot&utm_campaign=logo_click
Phoenixfinancellc,4.7,27,"PHOENIX, United States",Excellent,100,0,0,0,0,https://www.trustpilot.com/review/phoenixfinancellc.com,http://phoenixfinancellc.com?utm_medium=company_profile&utm_source=trustpilot&utm_campaign=logo_click
Chotari,4.7,27,,Excellent,100,0,0,0,0,https://www.trustpilot.com/review/chotari.com,https://chotari.com/?utm_medium=company_profile&utm_source=trustpilot&utm_campaign=logo_click
MoneyLion,4.6,28150,"Sandy, UT 84091, United States",Excellent,84,7,3,1,5,https://www.trustpilot.com/review/moneylion.com,https://moneylion.com?utm_medium=company_profile&utm_source=trustpilot&utm_campaign=logo_click
SmartBiz Loans,4.6,16366,"San Francisco, CA, United States",Excellent,86,5,2,1,6,https://www.trustpilot.com/review/smartbizloans.com,http://smartbizloans.com?utm_medium=company_profile&utm_source=trustpilot&utm_campaign=logo_click
Relay Financial,4.6,1186,,Excellent,84,4,1,2,9,https://www.trustpilot.com/review/relayfi.com,http://relayfi.com?utm_medium=company_profile&utm_source=trustpilot&utm_campaign=logo_click
greenboxcapital.com,4.6,554,,Excellent,88,7,1,1,3,https://www.trustpilot.com/review/greenboxcapital.com,http://greenboxcapital.com?utm_medium=company_profile&utm_source=trustpilot&utm_campaign=logo_click
Truetrader,4.6,236,"Sheridan, United States",Excellent,86,3,4,2,5,https://www.trustpilot.com/review/truetrader.net,http://truetrader.net?utm_medium=company_profile&utm_source=trustpilot&utm_campaign=logo_click
Fit My Money,4.6,90,"S. San Francisco, CA, United States",Excellent,86,10,2,0,2,https://www.trustpilot.com/review/fitmymoney.com,https://fitmymoney.com/?utm_medium=company_profile&utm_source=trustpilot&utm_campaign=logo_click
Linus,4.6,68,,Excellent,88,9,1,0,2,https://www.trustpilot.com/review/getlinus.io,http://getlinus.io?utm_medium=company_profile&utm_source=trustpilot&utm_campaign=logo_click
Capital Dude,4.6,61,"New York, United States",Excellent,93,3,2,0,2,https://www.trustpilot.com/review/capitaldude.com,http://capitaldude.com?utm_medium=company_profile&utm_source=trustpilot&utm_campaign=logo_click
Hashrave,4.6,47,"Fort Worth, United States",Excellent,85,11,2,0,2,https://www.trustpilot.com/review/hashrave.com,http://hashrave.com?utm_medium=company_profile&utm_source=trustpilot&utm_campaign=logo_click
Betterlifeins,4.6,19,"Madison, United States",Excellent,100,0,0,0,0,https://www.trustpilot.com/review/betterlifeins.com,http://betterlifeins.com?utm_medium=company_profile&utm_source=trustpilot&utm_campaign=logo_click
"Third Coast Commercial Capital, Inc.",4.6,18,"Humble, United States",Excellent,100,0,0,0,0,https://www.trustpilot.com/review/thirdcoastcommercialcap.com,http://thirdcoastcommercialcap.com?utm_medium=company_profile&utm_source=trustpilot&utm_campaign=logo_click
"Arch Capital Solutions, LLC",4.6,17,"Black Mountain, United States",Excellent,100,0,0,0,0,https://www.trustpilot.com/review/archcapitalsolutions.com,https://archcapitalsolutions.com/?utm_medium=company_profile&utm_source=trustpilot&utm_campaign=logo_click
Regional Finance,4.5,2090,"Greer, SC, United States",Excellent,89,4,1,1,5,https://www.trustpilot.com/review/regionalfinance.com,https://www.regionalfinance.com?utm_medium=company_profile&utm_source=trustpilot&utm_campaign=logo_click
Step,4.5,1081,,Excellent,81,7,3,3,6,https://www.trustpilot.com/review/step.com,http://step.com?utm_medium=company_profile&utm_source=trustpilot&utm_campaign=logo_click
Harvest by Acorns,4.5,562,,Excellent,94,2,1,0,4,https://www.trustpilot.com/review/joinharvest.com,https://joinharvest.com?utm_medium=company_profile&utm_source=trustpilot&utm_campaign=logo_click
Funded Challenge Pass,4.5,187,,Excellent,88,2,1,1,8,https://www.trustpilot.com/review/www.fundedchallengepass.com,http://www.fundedchallengepass.com?utm_medium=company_profile&utm_source=trustpilot&utm_campaign=logo_click
Affinity Beyond Capital,4.5,164,"Valley Stream, United States",Excellent,93,3,1,1,2,https://www.trustpilot.com/review/affinitybeyondcapital.com,https://www.affinitybeyondcapital.com/?utm_medium=company_profile&utm_source=trustpilot&utm_campaign=logo_click
kangaroobit.com,4.5,71,,Excellent,90,6,0,0,4,https://www.trustpilot.com/review/kangaroobit.com,https://kangaroobit.com/?utm_medium=company_profile&utm_source=trustpilot&utm_campaign=logo_click
Millions,4.5,64,,Excellent,68,25,2,0,5,https://www.trustpilot.com/review/millions.app,http://millions.app?utm_medium=company_profile&utm_source=trustpilot&utm_campaign=logo_click
DynaPro Trading,4.5,39,,Excellent,87,5,0,3,5,https://www.trustpilot.com/review/dynaprotrading.com,http://dynaprotrading.com?utm_medium=company_profile&utm_source=trustpilot&utm_campaign=logo_click
Global Financial & Leasing Services,4.5,34,"Scottsdale, United States",Excellent,85,6,0,3,6,https://www.trustpilot.com/review/www.gfrservices.com,http://www.gfrservices.com?utm_medium=company_profile&utm_source=trustpilot&utm_campaign=logo_click
Takenos,4.5,32,"Delaware, United States",Excellent,88,6,0,0,6,https://www.trustpilot.com/review/takenos.com,http://takenos.com?utm_medium=company_profile&utm_source=trustpilot&utm_campaign=logo_click
Itrustinvestment,4.5,18,,Excellent,94,6,0,0,0,https://www.trustpilot.com/review/itrustinvestment.com,http://itrustinvestment.com?utm_medium=company_profile&utm_source=trustpilot&utm_campaign=logo_click
MayoCoin,4.5,17,"Rochester, United States",Excellent,100,0,0,0,0,https://www.trustpilot.com/review/mayocoin.cu.ma,http://mayocoin.cu.ma?utm_medium=company_profile&utm_source=trustpilot&utm_campaign=logo_click
Lendvora,4.5,16,,Excellent,100,0,0,0,0,https://www.trustpilot.com/review/lendvora.com,https://lendvora.com?utm_medium=company_profile&utm_source=trustpilot&utm_campaign=logo_click
Alvva,4.5,16,"San Mateo, United States",Excellent,100,0,0,0,0,https://www.trustpilot.com/review/alvva.co,http://alvva.co?utm_medium=company_profile&utm_source=trustpilot&utm_campaign=logo_click
SHA Capital,4.5,16,"New Brunswick, United States",Excellent,100,0,0,0,0,https://www.trustpilot.com/review/shacapital.org,https://www.shacapital.org?utm_medium=company_profile&utm_source=trustpilot&utm_campaign=logo_click
Momentum Business Capital,4.5,15,"Miami Beach, United States",Excellent,100,0,0,0,0,https://www.trustpilot.com/review/momentumbusinesscapital.com,http://momentumbusinesscapital.com?utm_medium=company_profile&utm_source=trustpilot&utm_campaign=logo_click
Smart Business Funding,4.5,14,"Brooklyn , United States",Excellent,100,0,0,0,0,https://www.trustpilot.com/review/smartbusinessfunder.com,http://smartbusinessfunder.com?utm_medium=company_profile&utm_source=trustpilot&utm_campaign=logo_click
Lendafund,4.5,13,"Bayside, United States",Excellent,100,0,0,0,0,https://www.trustpilot.com/review/lendafund.com,http://lendafund.com?utm_medium=company_profile&utm_source=trustpilot&utm_campaign=logo_click
Fundbox,4.4,3701,"San Francisco, United States",Excellent,89,6,1,1,3,https://www.trustpilot.com/review/fundbox.com,https://fundbox.com?utm_medium=company_profile&utm_source=trustpilot&utm_campaign=logo_click
SeedFi,4.4,3539,"San Francisco, United States",Excellent,87,5,2,1,5,https://www.trustpilot.com/review/seedfi.com,http://seedfi.com?utm_medium=company_profile&utm_source=trustpilot&utm_campaign=logo_click
PenFed Credit Union,4.4,1442,"Alexandria, United States",Excellent,83,6,1,1,9,https://www.trustpilot.com/review/penfed.org,http://penfed.org?utm_medium=company_profile&utm_source=trustpilot&utm_campaign=logo_click
Legal & General America,4.4,1399,"Frederick, United States",Excellent,67,18,8,4,3,https://www.trustpilot.com/review/lgamerica.com,https://www.lgamerica.com?utm_medium=company_profile&utm_source=trustpilot&utm_campaign=logo_click
Today Card,4.4,591,"Columbus, GA, United States",Excellent,78,11,3,2,6,https://www.trustpilot.com/review/todaycard.com,https://todaycard.com?utm_medium=company_profile&utm_source=trustpilot&utm_campaign=logo_click
Breakout Capital,4.4,154,"McLean, Virginia, United States",Excellent,89,8,1,1,1,https://www.trustpilot.com/review/www.breakoutfinance.com,https://www.breakoutfinance.com?utm_medium=company_profile&utm_source=trustpilot&utm_campaign=logo_click
NewtekOne,4.4,13,,Excellent,92,0,0,0,8,https://www.trustpilot.com/review/newtekone.com,http://newtekone.com?utm_medium=company_profile&utm_source=trustpilot&utm_campaign=logo_click
Enrichfunding,4.4,13,"North Miami , United States",Excellent,92,0,0,0,8,https://www.trustpilot.com/review/enrichfunding.com,http://enrichfunding.com?utm_medium=company_profile&utm_source=trustpilot&utm_campaign=logo_click
Crystal business funding,4.4,13,"New York, NY, United States",Excellent,92,8,0,0,0,https://www.trustpilot.com/review/www.crystalbusinessfunding.com,http://www.crystalbusinessfunding.com?utm_medium=company_profile&utm_source=trustpilot&utm_campaign=logo_click
Ally Business Funding,4.4,12,,Excellent,100,0,0,0,0,https://www.trustpilot.com/review/allybusinessfunding.com,http://allybusinessfunding.com?utm_medium=company_profile&utm_source=trustpilot&utm_campaign=logo_click
First Choice Lending,4.4,12,"Manhattan Beach, United States",Excellent,100,0,0,0,0,https://www.trustpilot.com/review/firstchoicelendinginc.com,http://firstchoicelendinginc.com?utm_medium=company_profile&utm_source=trustpilot&utm_campaign=logo_click
Lend On Capital,4.4,11,"Aventura, United States",Excellent,100,0,0,0,0,https://www.trustpilot.com/review/lendoncapital.com,https://lendoncapital.com?utm_medium=company_profile&utm_source=trustpilot&utm_campaign=logo_click
TRV Funding,4.4,11,,Excellent,91,9,0,0,0,https://www.trustpilot.com/review/trvfunding.com,https://www.trvfunding.com/?utm_medium=company_profile&utm_source=trustpilot&utm_campaign=logo_click
Swadesh,4.4,10,"San Francisco, United States",Excellent,100,0,0,0,0,https://www.trustpilot.com/review/swadesh.co,http://swadesh.co?utm_medium=company_profile&utm_source=trustpilot&utm_campaign=logo_click
Structure Financing,4.4,10,,Excellent,100,0,0,0,0,https://www.trustpilot.com/review/structure-financing.com,http://structure-financing.com?utm_medium=company_profile&utm_source=trustpilot&utm_campaign=logo_click
Cyrofx Limited,4.4,10,"Dover, United States",Excellent,100,0,0,0,0,https://www.trustpilot.com/review/www.cyrofx.com,http://www.cyrofx.com?utm_medium=company_profile&utm_source=trustpilot&utm_campaign=logo_click
Clerkie,4.3,88,"San Francisco, United States",Excellent,84,5,2,0,9,https://www.trustpilot.com/review/clerkie.io,https://clerkie.io?utm_medium=company_profile&utm_source=trustpilot&utm_campaign=logo_click
vipcapitalfunding.com,4.3,54,"Raleigh, United States",Excellent,81,0,0,0,19,https://www.trustpilot.com/review/vipcapitalfunding.com,http://vipcapitalfunding.com?utm_medium=company_profile&utm_source=trustpilot&utm_campaign=logo_click
Monevo USA,4.3,44,"San Diego, United States",Excellent,89,0,0,0,11,https://www.trustpilot.com/review/monevo.us,https://www.monevo.us?utm_medium=company_profile&utm_source=trustpilot&utm_campaign=logo_click
Bluestone Funding Group,4.3,15,"New York, United States",Excellent,93,0,0,0,7,https://www.trustpilot.com/review/bluestonefundinggroup.com,http://bluestonefundinggroup.com?utm_medium=company_profile&utm_source=trustpilot&utm_campaign=logo_click
Maza - Banca Moderna,4.3,12,"Los Angeles, United States",Excellent,84,8,8,0,0,https://www.trustpilot.com/review/withmaza.com,http://withmaza.com?utm_medium=company_profile&utm_source=trustpilot&utm_campaign=logo_click
Next Generation Trust Company,4.3,11,"Roseland, United States",Excellent,82,9,9,0,0,https://www.trustpilot.com/review/nextgenerationtrust.com,https://www.nextgenerationtrust.com/?utm_medium=company_profile&utm_source=trustpilot&utm_campaign=logo_click
My Self Directed IRA,4.3,10,"Las Vegas, United States",Excellent,90,10,0,0,0,https://www.trustpilot.com/review/myselfdirectedira.com,http://myselfdirectedira.com?utm_medium=company_profile&utm_source=trustpilot&utm_campaign=logo_click
askzeta.com,4.3,9,,Excellent,100,0,0,0,0,https://www.trustpilot.com/review/askzeta.com,http://askzeta.com?utm_medium=company_profile&utm_source=trustpilot&utm_campaign=logo_click
Hand over funds,4.3,9,"New York , United States",Excellent,100,0,0,0,0,https://www.trustpilot.com/review/handoverfunds.com,http://handoverfunds.com?utm_medium=company_profile&utm_source=trustpilot&utm_campaign=logo_click
Safe Haven Metal,4.3,9,,Excellent,100,0,0,0,0,https://www.trustpilot.com/review/safehavenmetal.com,https://safehavenmetal.com?utm_medium=company_profile&utm_source=trustpilot&utm_campaign=logo_click
Ameritech & Associates,4.3,8,"Beverly Hills, United States",Excellent,100,0,0,0,0,https://www.trustpilot.com/review/ameritechassociates.com,http://ameritechassociates.com?utm_medium=company_profile&utm_source=trustpilot&utm_campaign=logo_click
Finnt,4.3,8,"MIAMI, United States",Excellent,100,0,0,0,0,https://www.trustpilot.com/review/finnt.com,http://finnt.com?utm_medium=company_profile&utm_source=trustpilot&utm_campaign=logo_click
Cryptoopensource,4.3,8,"Tampa, United States",Excellent,100,0,0,0,0,https://www.trustpilot.com/review/cryptoopensource.com,http://cryptoopensource.com?utm_medium=company_profile&utm_source=trustpilot&utm_campaign=logo_click
Textrades,4.3,8,"Austin, United States",Excellent,100,0,0,0,0,https://www.trustpilot.com/review/textrades.com,http://textrades.com?utm_medium=company_profile&utm_source=trustpilot&utm_campaign=logo_click
EQUITYUNLIMITED,4.3,7,"BROOKLYN, United States",Excellent,100,0,0,0,0,https://www.trustpilot.com/review/equityunlimited.net,https://equityunlimited.net?utm_medium=company_profile&utm_source=trustpilot&utm_campaign=logo_click
MANNA WEALTH MANAGEMENT,4.3,7,"Miami Beach, United States",Excellent,100,0,0,0,0,https://www.trustpilot.com/review/mannawealthmanagement.com,http://mannawealthmanagement.com?utm_medium=company_profile&utm_source=trustpilot&utm_campaign=logo_click
Logan Lindstrum - Clear Mortgage LLC,4.3,7,"South Milwaukee, United States",Excellent,100,0,0,0,0,https://www.trustpilot.com/review/revolutionmortgage.com,http://www.weloanwi.com?utm_medium=company_profile&utm_source=trustpilot&utm_campaign=logo_click
Cyrofx LLC,4.3,7,"Delaware, United States",Excellent,100,0,0,0,0,https://www.trustpilot.com/review/cyrofx.biz,http://cyrofx.biz?utm_medium=company_profile&utm_source=trustpilot&utm_campaign=logo_click
Oak Street Funding,4.3,7,"Indianapolis, United States",Excellent,100,0,0,0,0,https://www.trustpilot.com/review/oakstreetfunding.com,http://oakstreetfunding.com?utm_medium=company_profile&utm_source=trustpilot&utm_campaign=logo_click
Accrue Savings,4.3,7,"New York, United States",Excellent,100,0,0,0,0,https://www.trustpilot.com/review/accruesavings.com,http://accruesavings.com?utm_medium=company_profile&utm_source=trustpilot&utm_campaign=logo_click
First Loan,4.2,1814,"Lower Lake, United States",Great,70,9,3,2,16,https://www.trustpilot.com/review/firstloan.com,http://firstloan.com?utm_medium=company_profile&utm_source=trustpilot&utm_campaign=logo_click
Etana Custody,4.2,431,"Denver, United States",Great,42,11,3,4,40,https://www.trustpilot.com/review/etana.com,http://etana.com?utm_medium=company_profile&utm_source=trustpilot&utm_campaign=logo_click
"Lending Capital Group, Inc.",4.2,18,"Southampton, United States",Great,89,0,5,0,6,https://www.trustpilot.com/review/lcgloans.com,https://www.lcgloans.com?utm_medium=company_profile&utm_source=trustpilot&utm_campaign=logo_click
Payid19,4.2,14,,Great,79,0,0,0,21,https://www.trustpilot.com/review/payid19.com,http://payid19.com?utm_medium=company_profile&utm_source=trustpilot&utm_campaign=logo_click
Full Advance LLC,4.2,13,"SUNNY ISLES BEACH, United States",Great,92,0,0,0,8,https://www.trustpilot.com/review/fulladvances.com,http://www.fulladvances.com?utm_medium=company_profile&utm_source=trustpilot&utm_campaign=logo_click
blueyondercorp.com,4.2,13,"Scottsdale, United States",Great,85,0,0,0,15,https://www.trustpilot.com/review/blueyondercorp.com,http://blueyondercorp.com?utm_medium=company_profile&utm_source=trustpilot&utm_campaign=logo_click
Zenithinv,4.2,12,,Great,75,25,0,0,0,https://www.trustpilot.com/review/zenithinv.com,http://zenithinv.com?utm_medium=company_profile&utm_source=trustpilot&utm_campaign=logo_click
equifundmortgage.com,4.2,11,"Jacksonville, United States",Great,82,9,0,0,9,https://www.trustpilot.com/review/equifundmortgage.com,http://equifundmortgage.com?utm_medium=company_profile&utm_source=trustpilot&utm_campaign=logo_click
American Direct Funding,4.2,10,"Brea, United States",Great,90,0,0,0,10,https://www.trustpilot.com/review/americandirectfunding.com,http://americandirectfunding.com?utm_medium=company_profile&utm_source=trustpilot&utm_campaign=logo_click
Peak American Financial Group,4.2,10,,Great,90,0,0,10,0,https://www.trustpilot.com/review/peakamericanfinancial.com,http://peakamericanfinancial.com?utm_medium=company_profile&utm_source=trustpilot&utm_campaign=logo_click
"PrimeSource Funding, Inc.",4.2,8,"Mankato, United States",Great,87,13,0,0,0,https://www.trustpilot.com/review/primesourcefunding.com,https://wwwprimesourcefunding.com?utm_medium=company_profile&utm_source=trustpilot&utm_campaign=logo_click
fortuneoxption.com,4.2,8,"New York, United States",Great,87,13,0,0,0,https://www.trustpilot.com/review/fortuneoxption.com,http://fortuneoxption.com?utm_medium=company_profile&utm_source=trustpilot&utm_campaign=logo_click
Provide Capital LLC,4.2,6,"West Hollywood, United States",Great,100,0,0,0,0,https://www.trustpilot.com/review/providecapital.com,http://providecapital.com?utm_medium=company_profile&utm_source=trustpilot&utm_campaign=logo_click
TrustPay USA,4.2,6,"MELVILLE, United States",Great,100,0,0,0,0,https://www.trustpilot.com/review/trustpayusa.com,https://trustpayusa.com?utm_medium=company_profile&utm_source=trustpilot&utm_campaign=logo_click
Increasecapitalgroup,4.2,6,"Rancho Santa Margarita, United States",Great,100,0,0,0,0,https://www.trustpilot.com/review/increasecapitalgroup.com,http://increasecapitalgroup.com?utm_medium=company_profile&utm_source=trustpilot&utm_campaign=logo_click
EasyPath Financial,4.2,6,"Miami, United States",Great,100,0,0,0,0,https://www.trustpilot.com/review/easypathfin.com,http://easypathfin.com?utm_medium=company_profile&utm_source=trustpilot&utm_campaign=logo_click
Nav,4.1,269,"San Mateo, United States",Great,85,3,2,1,9,https://www.trustpilot.com/review/nav.com,https://www.nav.com?utm_medium=company_profile&utm_source=trustpilot&utm_campaign=logo_click
Lendfirm,4.1,80,"Chicago, United States",Great,85,2,1,3,9,https://www.trustpilot.com/review/lendfirm.com,http://lendfirm.com?utm_medium=company_profile&utm_source=trustpilot&utm_campaign=logo_click
The Small Business Venture Group,4.1,20,"New York, United States",Great,90,0,0,0,10,https://www.trustpilot.com/review/sbvg.com,http://sbvg.com?utm_medium=company_profile&utm_source=trustpilot&utm_campaign=logo_click
"Allied Capital, Corp.",4.1,10,"Huntingdon Vy, United States",Great,60,40,0,0,0,https://www.trustpilot.com/review/www.accfunding.com,http://www.accfunding.com?utm_medium=company_profile&utm_source=trustpilot&utm_campaign=logo_click
Drip Capital,4.1,8,"Palo Alto, United States",Great,75,0,0,0,25,https://www.trustpilot.com/review/dripcapital.com,http://dripcapital.com?utm_medium=company_profile&utm_source=trustpilot&utm_campaign=logo_click
ExpressPayments,4.1,6,"New York, United States",Great,67,0,33,0,0,https://www.trustpilot.com/review/expresspayments.global,http://expresspayments.global?utm_medium=company_profile&utm_source=trustpilot&utm_campaign=logo_click
Starstrongcapital,4.1,5,"New Haven, United States",Great,100,0,0,0,0,https://www.trustpilot.com/review/starstrongcapital.com,http://starstrongcapital.com?utm_medium=company_profile&utm_source=trustpilot&utm_campaign=logo_click
Authorized Lending,4.1,5,"Littleton, United States",Great,100,0,0,0,0,https://www.trustpilot.com/review/authorizedlending.com,http://authorizedlending.com?utm_medium=company_profile&utm_source=trustpilot&utm_campaign=logo_click
Canna Business Resources,4.1,5,"New York, United States",Great,100,0,0,0,0,https://www.trustpilot.com/review/cannabusinessresources.com,http://cannabusinessresources.com?utm_medium=company_profile&utm_source=trustpilot&utm_campaign=logo_click
Astor Wealth Group LTD,4.1,5,,Great,100,0,0,0,0,https://www.trustpilot.com/review/astorwealthgroup.com,http://astorwealthgroup.com?utm_medium=company_profile&utm_source=trustpilot&utm_campaign=logo_click
WesLend Financial,4.0,459,"Santa Ana, CA, United States",Great,78,8,3,2,9,https://www.trustpilot.com/review/www.weslend.com,http://weslend.com/?utm_code=844.579.5671.425&utm_source=trustpilot&utm_campaign=trustpilot&utm_medium=trustpilot
Groundfloor,4.0,357,"Atlanta, United States",Great,64,13,6,7,10,https://www.trustpilot.com/review/groundfloor.us,https://www.groundfloor.us?utm_medium=company_profile&utm_source=trustpilot&utm_campaign=logo_click
RoundPoint Mortgage Servicing LLC,4.0,242,"Fort Mill, SC, United States",Great,70,3,3,3,21,https://www.trustpilot.com/review/roundpointmortgage.com,http://roundpointmortgage.com?utm_medium=company_profile&utm_source=trustpilot&utm_campaign=logo_click
Moby Capital,4.0,28,"Austin, United States",Great,92,4,0,0,4,https://www.trustpilot.com/review/mobycap.com,https://mobycap.com?utm_medium=company_profile&utm_source=trustpilot&utm_campaign=logo_click
Geneva Capital,4.0,13,"Alexandria, United States",Great,85,0,0,0,15,https://www.trustpilot.com/review/gogc.com,http://gogc.com?utm_medium=company_profile&utm_source=trustpilot&utm_campaign=logo_click
Clear,4.0,11,"New York , United States",Great,91,0,0,0,9,https://www.trustpilot.com/review/clearinc.com,http://clearinc.com?utm_medium=company_profile&utm_source=trustpilot&utm_campaign=logo_click
Monet Capital ,4.0,8,"Brooklyn, United States",Great,87,0,13,0,0,https://www.trustpilot.com/review/monetcap.com,http://monetcap.com?utm_medium=company_profile&utm_source=trustpilot&utm_campaign=logo_click
SimpleDirect,4.0,7,,Great,72,14,0,0,14,https://www.trustpilot.com/review/getsimpledirect.com,http://getsimpledirect.com?utm_medium=company_profile&utm_source=trustpilot&utm_campaign=logo_click
Cloud9 Payment Gateway,4.0,5,,Great,80,20,0,0,0,https://www.trustpilot.com/review/c9pg.com,https://c9pg.com?utm_medium=company_profile&utm_source=trustpilot&utm_campaign=logo_click
Lunna Loans,4.0,5,"Costa Mesa, United States",Great,80,20,0,0,0,https://www.trustpilot.com/review/lunnaloans.com,http://lunnaloans.com?utm_medium=company_profile&utm_source=trustpilot&utm_campaign=logo_click
BuckUp Inc,4.0,4,,Great,100,0,0,0,0,https://www.trustpilot.com/review/www.gobuckup.com,http://www.gobuckup.com?utm_medium=company_profile&utm_source=trustpilot&utm_campaign=logo_click
"U.S. Credit, Inc.",4.0,4,"Bonita Springs, United States",Great,100,0,0,0,0,https://www.trustpilot.com/review/uscreditinc.com,http://uscreditinc.com?utm_medium=company_profile&utm_source=trustpilot&utm_campaign=logo_click
MarketGrader,4.0,4,"Coral Gables, United States",Great,75,25,0,0,0,https://www.trustpilot.com/review/marketgrader.com,http://marketgrader.com?utm_medium=company_profile&utm_source=trustpilot&utm_campaign=logo_click
Uniontradepro,4.0,4,,Great,75,25,0,0,0,https://www.trustpilot.com/review/www.uniontradepro.com,http://www.uniontradepro.com?utm_medium=company_profile&utm_source=trustpilot&utm_campaign=logo_click
Leonard Mortgage Group,4.0,4,"Duluth, United States",Great,100,0,0,0,0,https://www.trustpilot.com/review/www.leonardmortgagegroup.com,http://leonardmortgagegroup.com/?utm_medium=company_profile&utm_source=trustpilot&utm_campaign=logo_click
"Smart Asset Management Group, Inc.",4.0,4,"New York, United States",Great,100,0,0,0,0,https://www.trustpilot.com/review/allegiancecapitalgroup.com,https://www.samg.nyc?utm_medium=company_profile&utm_source=trustpilot&utm_campaign=logo_click
Amazon Trading Bot,4.0,4,"New York, United States",Great,100,0,0,0,0,https://www.trustpilot.com/review/amazontradingbot.com,http://amazontradingbot.com?utm_medium=company_profile&utm_source=trustpilot&utm_campaign=logo_click
ViewRidge Funding,4.0,4,"San Diego, United States",Great,100,0,0,0,0,https://www.trustpilot.com/review/viewridgefunding.com,http://viewridgefunding.com?utm_medium=company_profile&utm_source=trustpilot&utm_campaign=logo_click
instant-loans-usa.com,4.0,4,"Los Angeles, United States",Great,100,0,0,0,0,https://www.trustpilot.com/review/instant-loans-usa.com,http://instant-loans-usa.com?utm_medium=company_profile&utm_source=trustpilot&utm_campaign=logo_click
E-Boost Partners,4.0,4,"Miami Beach, United States",Great,100,0,0,0,0,https://www.trustpilot.com/review/eboostpartners.com,http://eboostpartners.com?utm_medium=company_profile&utm_source=trustpilot&utm_campaign=logo_click
FundAll Capital,4.0,4,"Boca Raton, United States",Great,100,0,0,0,0,https://www.trustpilot.com/review/fundallcapital.com,http://fundallcapital.com?utm_medium=company_profile&utm_source=trustpilot&utm_campaign=logo_click
Windgate Capital,4.0,4,"New York, United States",Great,100,0,0,0,0,https://www.trustpilot.com/review/windgatecapital.com,http://WindgateCapital.com?utm_medium=company_profile&utm_source=trustpilot&utm_campaign=logo_click
"Alliance Capital Funding, LLC",4.0,4,"Tampa, United States",Great,100,0,0,0,0,https://www.trustpilot.com/review/aclenders.com,http://aclenders.com?utm_medium=company_profile&utm_source=trustpilot&utm_campaign=logo_click
Elite Finance Team,4.0,4,"Red Bank, United States",Great,100,0,0,0,0,https://www.trustpilot.com/review/elitefinanceteam.com,http://elitefinanceteam.com?utm_medium=company_profile&utm_source=trustpilot&utm_campaign=logo_click
White Shores Capital,4.0,4,"Hauppauge, United States",Great,100,0,0,0,0,https://www.trustpilot.com/review/whiteshorescapital.com,http://whiteshorescapital.com?utm_medium=company_profile&utm_source=trustpilot&utm_campaign=logo_click
Metropoli Bank,4.0,4,"Oakland , United States",Great,100,0,0,0,0,https://www.trustpilot.com/review/metropolifinancials.com,http://metropolifinancials.com?utm_medium=company_profile&utm_source=trustpilot&utm_campaign=logo_click
Ldxa Trade,4.0,4,,Great,100,0,0,0,0,https://www.trustpilot.com/review/ldxa-trade.online,http://ldxa-trade.online?utm_medium=company_profile&utm_source=trustpilot&utm_campaign=logo_click
Minorityfintech,4.0,3,"New York, United States",Great,100,0,0,0,0,https://www.trustpilot.com/review/minorityfintech.com,http://minorityfintech.com?utm_medium=company_profile&utm_source=trustpilot&utm_campaign=logo_click
National Payments Inc ,4.0,3,"New York, United States",Great,100,0,0,0,0,https://www.trustpilot.com/review/natpayments.com,http://natpayments.com?utm_medium=company_profile&utm_source=trustpilot&utm_campaign=logo_click
Credit Capital,4.0,3,"New York, United States",Great,100,0,0,0,0,https://www.trustpilot.com/review/creditcapinc.com,http://creditcapinc.com?utm_medium=company_profile&utm_source=trustpilot&utm_campaign=logo_click
Western Payments,4.0,3,"Hico, United States",Great,100,0,0,0,0,https://www.trustpilot.com/review/westernpayments.com,http://westernpayments.com?utm_medium=company_profile&utm_source=trustpilot&utm_campaign=logo_click
Connect Capital LLC,4.0,3,"Chicago, United States",Great,100,0,0,0,0,https://www.trustpilot.com/review/goconnectcapital.com,http://goconnectcapital.com?utm_medium=company_profile&utm_source=trustpilot&utm_campaign=logo_click
New Age Capital and Credit services,4.0,3,"Perth Amboy, United States",Great,100,0,0,0,0,https://www.trustpilot.com/review/www.newagecapcredit.com,http://www.newagecapfunding.com?utm_medium=company_profile&utm_source=trustpilot&utm_campaign=logo_click
Blu Capital El Paso,4.0,3,"El Paso, United States",Great,100,0,0,0,0,https://www.trustpilot.com/review/blucapital.us,http://blucapital.com?utm_medium=company_profile&utm_source=trustpilot&utm_campaign=logo_click
Canfield Capital,4.0,3,"Sheridan, United States",Great,100,0,0,0,0,https://www.trustpilot.com/review/canfieldcap.com,http://canfieldcap.com?utm_medium=company_profile&utm_source=trustpilot&utm_campaign=logo_click
Juno,3.9,531,"SF, United States",Great,71,5,4,2,18,https://www.trustpilot.com/review/onjuno.com,http://juno.finance?utm_medium=company_profile&utm_source=trustpilot&utm_campaign=logo_click
Credex - Auto Title Loans,3.9,270,,Great,94,2,1,1,3,https://www.trustpilot.com/review/credex.net,http://credex.net?utm_medium=company_profile&utm_source=trustpilot&utm_campaign=logo_click
fire.com,3.9,232,"Dublin, United States",Great,79,5,1,1,14,https://www.trustpilot.com/review/www.fire.com,http://www.fire.com/businessaccount?utm_medium=company_profile&utm_source=trustpilot&utm_campaign=logo_click
Excite Credit Union,3.9,90,"San Jose, United States",Great,75,12,0,2,11,https://www.trustpilot.com/review/excitecu.org,http://excitecu.org?utm_medium=company_profile&utm_source=trustpilot&utm_campaign=logo_click
Refily,3.9,57,,Great,61,7,2,4,26,https://www.trustpilot.com/review/refily.com,https://www.refily.com?utm_medium=company_profile&utm_source=trustpilot&utm_campaign=logo_click
GLT Bank,3.9,12,,Great,33,42,25,0,0,https://www.trustpilot.com/review/glt-bank.com,http://glt-bank.com?utm_medium=company_profile&utm_source=trustpilot&utm_campaign=logo_click
Reef Resources Financial Management ,3.9,5,,Great,40,60,0,0,0,https://www.trustpilot.com/review/reefresources-fm.com,https://reefresources-fm.com?utm_medium=company_profile&utm_source=trustpilot&utm_campaign=logo_click
G-Force Funding,3.9,4,"Miami Beach, United States",Great,75,25,0,0,0,https://www.trustpilot.com/review/gforcefund.com,https://gforcefunding.com?utm_medium=company_profile&utm_source=trustpilot&utm_campaign=logo_click
Rebirth FinTech,3.9,4,"San Francisco, United States",Great,75,25,0,0,0,https://www.trustpilot.com/review/rebirth.finance,https://rebirth.finance?utm_medium=company_profile&utm_source=trustpilot&utm_campaign=logo_click
Dort Financial Credit Union,3.8,538,"Grand Blanc, United States",Great,81,5,2,3,9,https://www.trustpilot.com/review/dortonline.org,http://dortonline.org?utm_medium=company_profile&utm_source=trustpilot&utm_campaign=logo_click
Bank with Fair,3.8,67,"Houston, United States",Great,66,9,4,6,15,https://www.trustpilot.com/review/bankwithfair.com,https://www.bankwithfair.com?utm_medium=company_profile&utm_source=trustpilot&utm_campaign=logo_click
"OAREX Capital Markets, Inc.",3.8,42,"Cleveland, United States",Great,93,2,0,0,5,https://www.trustpilot.com/review/oarex.com,https://oarex.com?utm_medium=company_profile&utm_source=trustpilot&utm_campaign=logo_click
mocafi.com,3.8,23,"Newark, United States",Great,74,4,0,0,22,https://www.trustpilot.com/review/mocafi.com,http://mocafi.com?utm_medium=company_profile&utm_source=trustpilot&utm_campaign=logo_click
Nairagram,3.8,10,"GA, United States",Great,70,10,10,0,10,https://www.trustpilot.com/review/mynairagram.com,http://www.mynairagram.com?utm_medium=company_profile&utm_source=trustpilot&utm_campaign=logo_click
Pay.com,3.8,6,"Dublin, United States",Great,83,0,0,0,17,https://www.trustpilot.com/review/pay.com,http://pay.com?utm_medium=company_profile&utm_source=trustpilot&utm_campaign=logo_click
Fundsgate,3.8,5,"Stockton, United States",Great,80,0,0,0,20,https://www.trustpilot.com/review/fundsgate.net,http://fundsgate.net?utm_medium=company_profile&utm_source=trustpilot&utm_campaign=logo_click
Bluestockmarkets,3.8,3,,Great,67,33,0,0,0,https://www.trustpilot.com/review/bluestockmarkets.com,http://bluestockmarkets.com?utm_medium=company_profile&utm_source=trustpilot&utm_campaign=logo_click
Klya Credit,3.8,2,"Tampa, United States",Great,100,0,0,0,0,https://www.trustpilot.com/review/klyacredit.com,http://klyacredit.com?utm_medium=company_profile&utm_source=trustpilot&utm_campaign=logo_click
OperFi,3.8,2,"Cedar Hill, United States",Great,100,0,0,0,0,https://www.trustpilot.com/review/www.operfi.com,http://www.operfi.com?utm_medium=company_profile&utm_source=trustpilot&utm_campaign=logo_click
IC47 Capital,3.8,2,,Great,100,0,0,0,0,https://www.trustpilot.com/review/ic47capital.com,http://ic47capital.com?utm_medium=company_profile&utm_source=trustpilot&utm_campaign=logo_click
Pizza Tower,3.8,2,,Great,100,0,0,0,0,https://www.trustpilot.com/review/towers.pizza,http://towers.pizza?utm_medium=company_profile&utm_source=trustpilot&utm_campaign=logo_click
myuser.com,3.7,33,,Average,91,3,0,0,6,https://www.trustpilot.com/review/www.myuser.com,http://www.myuser.com?utm_medium=company_profile&utm_source=trustpilot&utm_campaign=logo_click
portercap.net,3.7,26,"Birmingham, United States",Average,92,4,0,0,4,https://www.trustpilot.com/review/www.portercap.net,http://www.portercap.net?utm_medium=company_profile&utm_source=trustpilot&utm_campaign=logo_click
Helpful Lending ,3.7,13,"Ft. Thompson, United States",Average,61,0,0,8,31,https://www.trustpilot.com/review/helpfullending.net,http://helpfullending.com?utm_medium=company_profile&utm_source=trustpilot&utm_campaign=logo_click
Minelabtech,3.7,10,,Average,50,20,10,10,10,https://www.trustpilot.com/review/minelabtech.com,http://minelabtech.com?utm_medium=company_profile&utm_source=trustpilot&utm_campaign=logo_click
TVT Capital ,3.7,5,"New York , United States",Average,80,0,0,0,20,https://www.trustpilot.com/review/tvt-capital.com,http://tvtcapital.com?utm_medium=company_profile&utm_source=trustpilot&utm_campaign=logo_click
HMBradley,3.7,3,,Average,33,0,0,0,67,https://www.trustpilot.com/review/hmbradley.com,http://hmbradley.com?utm_medium=company_profile&utm_source=trustpilot&utm_campaign=logo_click
Accrue,3.7,2,"Dover, United States",Average,50,50,0,0,0,https://www.trustpilot.com/review/useaccrue.com,http://useaccrue.com?utm_medium=company_profile&utm_source=trustpilot&utm_campaign=logo_click
Shareholder Vote Exchange,3.7,2,,Average,50,50,0,0,0,https://www.trustpilot.com/review/svegroup.com,http://svegroup.com?utm_medium=company_profile&utm_source=trustpilot&utm_campaign=logo_click
Banque Haventree,3.7,2,,Average,50,50,0,0,0,https://www.trustpilot.com/review/banquehaventree.com,https://www.banquehaventree.com?utm_medium=company_profile&utm_source=trustpilot&utm_campaign=logo_click
Eminencefunding,3.7,1,,Average,100,0,0,0,0,https://www.trustpilot.com/review/eminencefunding.com,http://eminencefunding.com?utm_medium=company_profile&utm_source=trustpilot&utm_campaign=logo_click
Capital funding Source LLC,3.7,1,"Bronx, United States",Average,100,0,0,0,0,https://www.trustpilot.com/review/capitalfundsourcellc.com,http://capitalfundsourcellc.com?utm_medium=company_profile&utm_source=trustpilot&utm_campaign=logo_click
Payout Prime,3.7,1,"New York, United States",Average,100,0,0,0,0,https://www.trustpilot.com/review/payoutprime.com,http://payoutprime.com?utm_medium=company_profile&utm_source=trustpilot&utm_campaign=logo_click
Paymuse,3.7,1,,Average,100,0,0,0,0,https://www.trustpilot.com/review/paymuse.com,http://paymuse.com?utm_medium=company_profile&utm_source=trustpilot&utm_campaign=logo_click
MANNA WEALTH MANAGEMENT,3.7,1,"Tysons, United States",Average,100,0,0,0,0,https://www.trustpilot.com/review/www.mannacapitalmanagement.com,https://mannawealthmanagement.com?utm_medium=company_profile&utm_source=trustpilot&utm_campaign=logo_click
Borrowble LLC,3.7,1,,Average,100,0,0,0,0,https://www.trustpilot.com/review/borrowble.com,http://borrowble.com?utm_medium=company_profile&utm_source=trustpilot&utm_campaign=logo_click
Blue Stone Capital,3.7,1,"Suffern, United States",Average,100,0,0,0,0,https://www.trustpilot.com/review/bluestonecapsolutions.com,http://bluestonecapsolutions.com?utm_medium=company_profile&utm_source=trustpilot&utm_campaign=logo_click
Forexhub,3.7,1,,Average,100,0,0,0,0,https://www.trustpilot.com/review/forexhub.us,http://forexhub.us?utm_medium=company_profile&utm_source=trustpilot&utm_campaign=logo_click
sites.catfn.com,3.7,1,,Average,100,0,0,0,0,https://www.trustpilot.com/review/faucet.teckbux.com,https://sites.catfn.com?utm_medium=company_profile&utm_source=trustpilot&utm_campaign=logo_click
First Start Financial,3.7,1,"Solana Beach, United States",Average,100,0,0,0,0,https://www.trustpilot.com/review/firststartfinancial.com,http://firststartfinancial.com?utm_medium=company_profile&utm_source=trustpilot&utm_campaign=logo_click
"Revolv3, Inc",3.7,1,"Laguna Beach, United States",Average,100,0,0,0,0,https://www.trustpilot.com/review/revolv3.com,http://revolv3.com?utm_medium=company_profile&utm_source=trustpilot&utm_campaign=logo_click
Claim Exchange,3.7,1,,Average,100,0,0,0,0,https://www.trustpilot.com/review/claimexchanges.com,http://claimexchanges.com?utm_medium=company_profile&utm_source=trustpilot&utm_campaign=logo_click
Valeska Capital,3.7,1,"West Hempstead, United States",Average,100,0,0,0,0,https://www.trustpilot.com/review/valeskacapital.com,http://valeskacapital.com?utm_medium=company_profile&utm_source=trustpilot&utm_campaign=logo_click
CapSpot Financial,3.7,1,"Melville, United States",Average,100,0,0,0,0,https://www.trustpilot.com/review/capspot.com,http://www.capspot.com?utm_medium=company_profile&utm_source=trustpilot&utm_campaign=logo_click
Vitalretrieve,3.7,1,"South melbourne, United States",Average,100,0,0,0,0,https://www.trustpilot.com/review/vitalretrieve.com,http://vitalretrieve.com?utm_medium=company_profile&utm_source=trustpilot&utm_campaign=logo_click
Elite Conservative Gain,3.7,1,"SAN FRANCISCO, United States",Average,100,0,0,0,0,https://www.trustpilot.com/review/eliteconservativegain.com,http://eliteconservativegain.com?utm_medium=company_profile&utm_source=trustpilot&utm_campaign=logo_click
Silverstone Financial,3.7,1,"Baltimore, United States",Average,100,0,0,0,0,https://www.trustpilot.com/review/silverstone.financial,http://silverstone.financial?utm_medium=company_profile&utm_source=trustpilot&utm_campaign=logo_click
Trustyassets,3.7,1,"Tacoma , United States",Average,100,0,0,0,0,https://www.trustpilot.com/review/trustyassets.tech,http://trustyassets.tech?utm_medium=company_profile&utm_source=trustpilot&utm_campaign=logo_click
Recyclefunds,3.7,1,,Average,100,0,0,0,0,https://www.trustpilot.com/review/recyclefunds.com,http://recyclefunds.com?utm_medium=company_profile&utm_source=trustpilot&utm_campaign=logo_click
Fidexcorp,3.7,1,"Stafford , United States",Average,100,0,0,0,0,https://www.trustpilot.com/review/fidexcorp.com,http://fidexcorp.com?utm_medium=company_profile&utm_source=trustpilot&utm_campaign=logo_click
nairahoneybit.com,3.7,1,,Average,100,0,0,0,0,https://www.trustpilot.com/review/nairahoneybit.com,http://nairahoneybit.com?utm_medium=company_profile&utm_source=trustpilot&utm_campaign=logo_click
Fundr,3.7,1,"New York, United States",Average,100,0,0,0,0,https://www.trustpilot.com/review/1fundr.com,http://www.1fundr.com?utm_medium=company_profile&utm_source=trustpilot&utm_campaign=logo_click
American Life Fund,3.7,1,"Norcross, United States",Average,100,0,0,0,0,https://www.trustpilot.com/review/www.americanlifefund.com,http://www.americanlifefund.com?utm_medium=company_profile&utm_source=trustpilot&utm_campaign=logo_click
Purpose Finance,3.7,1,"San Francisco, United States",Average,100,0,0,0,0,https://www.trustpilot.com/review/purposefinance.com,https://purposefinance.com?utm_medium=company_profile&utm_source=trustpilot&utm_campaign=logo_click
3-D Bail Bonds ,3.7,1,"Hartford, United States",Average,100,0,0,0,0,https://www.trustpilot.com/review/3dbailbonds.com,http://3dbailbonds.com?utm_medium=company_profile&utm_source=trustpilot&utm_campaign=logo_click
Ivy Bank,3.7,1,"Waltham, United States",Average,100,0,0,0,0,https://www.trustpilot.com/review/ivybank.com,https://www.ivybank.com/?utm_medium=company_profile&utm_source=trustpilot&utm_campaign=logo_click
Square Loans,3.6,1316,,Average,92,4,1,1,3,https://www.trustpilot.com/review/squareup.com/us/en/banking/loans,https://squareup.com/us/en/banking/loans?utm_medium=company_profile&utm_source=trustpilot&utm_campaign=logo_click
ZestMoney,3.6,1273,"Bengaluru, United States",Average,76,8,1,1,14,https://www.trustpilot.com/review/zestmoney.in,http://zestmoney.in?utm_medium=company_profile&utm_source=trustpilot&utm_campaign=logo_click
Perch Loans (USA),3.6,70,,Average,80,6,4,1,9,https://www.trustpilot.com/review/perchloans.com,https://www.perchloans.com/?utm_medium=company_profile&utm_source=trustpilot&utm_campaign=logo_click
Happy Cash,3.6,29,"Baytown, United States",Average,80,3,0,7,10,https://www.trustpilot.com/review/happy.cash,http://happy.cash?utm_medium=company_profile&utm_source=trustpilot&utm_campaign=logo_click
admiral-leasing.co.uk,3.6,9,"Oldham, United States",Average,44,11,0,0,45,https://www.trustpilot.com/review/admiral-leasing.co.uk,https://www.admiral-leasing.co.uk?utm_medium=company_profile&utm_source=trustpilot&utm_campaign=logo_click
Fundamental Capital,3.6,8,,Average,50,0,0,0,50,https://www.trustpilot.com/review/fundamentalcap.com,http://fundamentalcap.com?utm_medium=company_profile&utm_source=trustpilot&utm_campaign=logo_click
"First Command Financial Services, Inc.",3.6,3,"Fort Worth, United States",Average,67,0,0,0,33,https://www.trustpilot.com/review/firstcommand.com,http://www.firstcommand.com?utm_medium=company_profile&utm_source=trustpilot&utm_campaign=logo_click
Lift Lending,3.6,3,"IRVING, United States",Average,67,0,0,0,33,https://www.trustpilot.com/review/liftlending.com,https://www.liftlending.com?utm_medium=company_profile&utm_source=trustpilot&utm_campaign=logo_click
Sonic Wallet,3.6,1,"San Francisco, United States",Average,0,100,0,0,0,https://www.trustpilot.com/review/sonicwallet.com,https://www.sonicwallet.com/?utm_medium=company_profile&utm_source=trustpilot&utm_campaign=logo_click
NorthOne,3.5,138,"New York, United States",Average,42,9,2,3,44,https://www.trustpilot.com/review/northone.com,http://northone.com?utm_medium=company_profile&utm_source=trustpilot&utm_campaign=logo_click
Equity Prime Mortgage LLC,3.5,128,"Atlanta, GA, United States",Average,77,2,2,5,14,https://www.trustpilot.com/review/www.equityprime.com,http://www.equityprime.com?utm_medium=company_profile&utm_source=trustpilot&utm_campaign=logo_click
Ca Oriontradinginc,3.5,11,,Average,18,0,0,0,82,https://www.trustpilot.com/review/ca-oriontradinginc.com,http://ca-oriontradinginc.com?utm_medium=company_profile&utm_source=trustpilot&utm_campaign=logo_click
Meriwest Credit Union,3.5,8,"San Jose, United States",Average,62,13,0,0,25,https://www.trustpilot.com/review/meriwest.com,http://meriwest.com?utm_medium=company_profile&utm_source=trustpilot&utm_campaign=logo_click
LendBug,3.5,6,"New York, United States",Average,66,17,0,0,17,https://www.trustpilot.com/review/lendbug.com,http://www.lendbug.com?utm_medium=company_profile&utm_source=trustpilot&utm_campaign=logo_click
Solarb,3.5,2,"California, United States",Average,0,50,50,0,0,https://www.trustpilot.com/review/solarb.io,http://solarb.io?utm_medium=company_profile&utm_source=trustpilot&utm_campaign=logo_click
"Apple Capital Group, Inc.",,,"Arlington, United States",,,,,,,https://www.trustpilot.com/review/applecapitalgroup.com,
CanAmCapital,,,,,,,,,,https://www.trustpilot.com/review/canamfinance.com,
B2 Capital Solutions Provider,,,"Doral, United States",,,,,,,https://www.trustpilot.com/review/b2csp.com,
All Coast Funding,,,"San Francisco, United States",,,,,,,https://www.trustpilot.com/review/allcoastfunding.com,
Loanclose,,,"New York, United States",,,,,,,https://www.trustpilot.com/review/loanclose.com,
Tailored Home Loans,,,,,,,,,,https://www.trustpilot.com/review/tailoredhomeloans.com,
Cala Lending,,,,,,,,,,https://www.trustpilot.com/review/calalending.com,
UnionComm,,,"Phoenix, United States",,,,,,,https://www.trustpilot.com/review/unioncommco.com,
Apexum,,,"Limassol, United States",,,,,,,https://www.trustpilot.com/review/apexum.com,
Albert,3.4,391,"Los Angeles, United States",Average,47,2,2,3,46,https://www.trustpilot.com/review/albert.com,http://albert.com?utm_medium=company_profile&utm_source=trustpilot&utm_campaign=logo_click
BTCMINEFARM,3.4,28,"England, United States",Average,14,4,7,0,75,https://www.trustpilot.com/review/btcminefarm.com,http://btcminefarm.com?utm_medium=company_profile&utm_source=trustpilot&utm_campaign=logo_click
Atlascapitalsmanagement,3.4,20,,Average,15,20,55,0,10,https://www.trustpilot.com/review/atlascapitalsmanagement.net,http://atlascapitalsmanagement.net?utm_medium=company_profile&utm_source=trustpilot&utm_campaign=logo_click
Point,3.4,13,"San Francisco, United States",Average,62,0,0,0,38,https://www.trustpilot.com/review/point.app,http://www.point.app?utm_medium=company_profile&utm_source=trustpilot&utm_campaign=logo_click
ZekCard Inc,3.4,8,,Average,62,13,0,0,25,https://www.trustpilot.com/review/zekcard.com,https://zekcard.com?utm_medium=company_profile&utm_source=trustpilot&utm_campaign=logo_click
Bankroll,3.4,5,"Irvine, United States",Average,60,0,0,0,40,https://www.trustpilot.com/review/bankroll.io,http://bankroll.io?utm_medium=company_profile&utm_source=trustpilot&utm_campaign=logo_click
MastercareBD Digital Solutions,3.4,2,,Average,50,0,0,0,50,https://www.trustpilot.com/review/mastercarebd.com,http://mastercarebd.com?utm_medium=company_profile&utm_source=trustpilot&utm_campaign=logo_click
WestStar,3.4,1,"El Paso, United States",Average,0,0,100,0,0,https://www.trustpilot.com/review/weststarbank.com,http://weststarbank.com?utm_medium=company_profile&utm_source=trustpilot&utm_campaign=logo_click
Fusionlabs,3.2,4,"Florida , United States",Average,50,0,0,0,50,https://www.trustpilot.com/review/fusionlabs.finance,http://fusionlabs.finance?utm_medium=company_profile&utm_source=trustpilot&utm_campaign=logo_click
PAYBYPAGO,3.2,1,"Scottsdale, United States",Average,0,0,0,0,100,https://www.trustpilot.com/review/paybypago.com,http://paybypago.com?utm_medium=company_profile&utm_source=trustpilot&utm_campaign=logo_click
Zeitro,3.2,1,"Mountain View, United States",Average,0,0,0,0,100,https://www.trustpilot.com/review/zeitro.com,http://zeitro.com?utm_medium=company_profile&utm_source=trustpilot&utm_campaign=logo_click
Dboption,3.2,1,,Average,0,0,0,0,100,https://www.trustpilot.com/review/dboption.com,http://dboption.com?utm_medium=company_profile&utm_source=trustpilot&utm_campaign=logo_click
Hartford Funding Ltd.,3.2,1,"Woodbury, United States",Average,0,0,0,0,100,https://www.trustpilot.com/review/hartfordfunding.com,http://hartfordfunding.com?utm_medium=company_profile&utm_source=trustpilot&utm_campaign=logo_click
Jons Salon,3.2,1,,Average,0,0,0,0,100,https://www.trustpilot.com/review/millendeal.com,http://jonssalon.xyz?utm_medium=company_profile&utm_source=trustpilot&utm_campaign=logo_click
a2markets.com,3.2,1,"Manhattan Mall, United States",Average,0,0,0,0,100,https://www.trustpilot.com/review/www.a2markets.com,http://www.a2markets.com?utm_medium=company_profile&utm_source=trustpilot&utm_campaign=logo_click
Dentons Pensions,3.2,1,,Average,0,0,0,0,100,https://www.trustpilot.com/review/dentonspensions.co.uk,http://dentonspensions.co.uk?utm_medium=company_profile&utm_source=trustpilot&utm_campaign=logo_click
AI Trade,3.1,67,"New York,, United States",Average,30,14,16,3,37,https://www.trustpilot.com/review/ai-trade.consulting,http://ai-trade.consulting?utm_medium=company_profile&utm_source=trustpilot&utm_campaign=logo_click
Spiral Financial,3.1,11,"New York, United States",Average,73,0,0,9,18,https://www.trustpilot.com/review/spiral.us,http://spiral.us?utm_medium=company_profile&utm_source=trustpilot&utm_campaign=logo_click
Privmoney Wallet,3.1,6,,Average,50,0,0,0,50,https://www.trustpilot.com/review/privmoney.com,http://privmoney.com?utm_medium=company_profile&utm_source=trustpilot&utm_campaign=logo_click
Ramp,3.1,5,"New York, United States",Average,40,0,20,0,40,https://www.trustpilot.com/review/ramp.com,http://ramp.com?utm_medium=company_profile&utm_source=trustpilot&utm_campaign=logo_click
Elevatethetalent,3.0,52,,Average,48,0,4,8,40,https://www.trustpilot.com/review/elevatethetalent.com,http://elevatethetalent.com?utm_medium=company_profile&utm_source=trustpilot&utm_campaign=logo_click
Zeal Capital Market,3.0,41,"London, United States",Average,66,17,2,0,15,https://www.trustpilot.com/review/zfx.com,http://zfx.com?utm_medium=company_profile&utm_source=trustpilot&utm_campaign=logo_click
NOW Corp,3.0,11,"Atlanta, United States",Average,82,0,0,0,18,https://www.trustpilot.com/review/nowcorp.com,http://nowcorp.com?utm_medium=company_profile&utm_source=trustpilot&utm_campaign=logo_click
Genesis Investment,3.0,3,"31F 178 Brockton Road, United States",Average,33,0,0,0,67,https://www.trustpilot.com/review/genesis-investment.com,http://genesis-investment.com?utm_medium=company_profile&utm_source=trustpilot&utm_campaign=logo_click
Dahabshiil Uganda,3.0,2,,Average,0,0,0,50,50,https://www.trustpilot.com/review/dahabshiil.co.ug,https://www.dahabshiil.co.ug?utm_medium=company_profile&utm_source=trustpilot&utm_campaign=logo_click
American Auto Title Loan,3.0,2,"Gaffney, United States",Average,50,0,0,0,50,https://www.trustpilot.com/review/americanautotitleloan.com,https://americanautotitleloan.com?utm_medium=company_profile&utm_source=trustpilot&utm_campaign=logo_click
Coinme,2.9,908,"Seattle, United States",Average,38,9,10,6,37,https://www.trustpilot.com/review/coinme.com,http://coinme.com?utm_medium=company_profile&utm_source=trustpilot&utm_campaign=logo_click
CreditPrime Romania (Ecofinance IFN S.A.),2.9,42,"BucureÈti, United States",Average,55,2,0,2,41,https://www.trustpilot.com/review/creditprime.ro,http://creditprime.ro?utm_medium=company_profile&utm_source=trustpilot&utm_campaign=logo_click
Heritage Valley Federal Credit Union,2.9,12,,Average,76,0,8,8,8,https://www.trustpilot.com/review/heritagevalleyfcu.org,http://heritagevalleyfcu.org?utm_medium=company_profile&utm_source=trustpilot&utm_campaign=logo_click
apexfinancialmarkets.com,2.9,4,,Average,50,0,0,0,50,https://www.trustpilot.com/review/apexfinancialmarkets.com,http://apexfinancialmarkets.com?utm_medium=company_profile&utm_source=trustpilot&utm_campaign=logo_click
1st Financial Bank USA,2.9,2,"North Sioux City, United States",Average,0,0,0,0,100,https://www.trustpilot.com/review/1fbusa.com,http://1fbusa.com?utm_medium=company_profile&utm_source=trustpilot&utm_campaign=logo_click
Gloverfx,2.9,2,"Detroit, United States",Average,0,0,0,0,100,https://www.trustpilot.com/review/gloverfx.io,http://gloverfx.io?utm_medium=company_profile&utm_source=trustpilot&utm_campaign=logo_click
Kover,2.8,58,,Average,71,3,2,3,21,https://www.trustpilot.com/review/kover.ai,http://kover.ai?utm_medium=company_profile&utm_source=trustpilot&utm_campaign=logo_click
VirtualCardAsia LImited [GB],2.8,10,"London, United States",Average,10,20,10,10,50,https://www.trustpilot.com/review/www.virtualcardasia.com,https://virtualcardasia.com/?utm_medium=company_profile&utm_source=trustpilot&utm_campaign=logo_click
Instepcapitals,2.8,3,,Average,0,0,0,0,100,https://www.trustpilot.com/review/instepcapitals.com,http://instepcapitals.com?utm_medium=company_profile&utm_source=trustpilot&utm_campaign=logo_click
Metalivetrade,2.7,4,"Las Vagas, United States",Poor,25,0,0,0,75,https://www.trustpilot.com/review/metalivetrade.com,http://metalivetrade.com?utm_medium=company_profile&utm_source=trustpilot&utm_campaign=logo_click
Max Funding,2.6,6,"Sheridan, United States",Poor,83,0,0,0,17,https://www.trustpilot.com/review/maxfunding.net,http://maxfunding.net?utm_medium=company_profile&utm_source=trustpilot&utm_campaign=logo_click
Paxumbank,2.5,60,,Poor,10,3,75,0,12,https://www.trustpilot.com/review/www.paxumbank.com,http://www.paxumbank.com?utm_medium=company_profile&utm_source=trustpilot&utm_campaign=logo_click
Dividend Finance,2.4,554,"San Francisco, United States",Poor,76,9,2,2,11,https://www.trustpilot.com/review/dividendfinance.com,http://www.dividendfinance.com?utm_medium=company_profile&utm_source=trustpilot&utm_campaign=logo_click
Trezocoin Pvt Ltd,2.4,7,"London, United States",Poor,29,0,0,0,71,https://www.trustpilot.com/review/trezocoin.com,http://trezocoin.com?utm_medium=company_profile&utm_source=trustpilot&utm_campaign=logo_click
Acorns,2.3,350,"Irvine, United States",Poor,26,4,2,4,64,https://www.trustpilot.com/review/acorns.com,http://acorns.com?utm_medium=company_profile&utm_source=trustpilot&utm_campaign=logo_click
M1,2.3,160,,Poor,30,12,6,14,38,https://www.trustpilot.com/review/m1.com,http://m1.com?utm_medium=company_profile&utm_source=trustpilot&utm_campaign=logo_click
Paragon Financial Group,2.3,24,"Fort Lauderdale, United States",Poor,71,0,0,4,25,https://www.trustpilot.com/review/paragonfinancial.net,https://www.paragonfinancial.net?utm_medium=company_profile&utm_source=trustpilot&utm_campaign=logo_click
moomoo,2.1,21,"Palo Alto, United States",Poor,38,5,0,0,57,https://www.trustpilot.com/review/moomoo.com,https://moomoo.com?utm_medium=company_profile&utm_source=trustpilot&utm_campaign=logo_click
Swift Trades,2.1,20,"new york, United States",Poor,35,0,0,15,50,https://www.trustpilot.com/review/swift-trades.com,http://swift-trades.com?utm_medium=company_profile&utm_source=trustpilot&utm_campaign=logo_click
DriverBoost,2.1,17,,Poor,18,0,0,6,76,https://www.trustpilot.com/review/mydriverboost.com,http://mydriverboost.com?utm_medium=company_profile&utm_source=trustpilot&utm_campaign=logo_click
Golden 1 Credit Union,2.0,17,"Sacramento, United States",Poor,6,12,6,6,70,https://www.trustpilot.com/review/golden1.com,http://golden1.com?utm_medium=company_profile&utm_source=trustpilot&utm_campaign=logo_click
open.money,2.0,12,,Poor,0,0,17,8,75,https://www.trustpilot.com/review/open.money,http://open.money?utm_medium=company_profile&utm_source=trustpilot&utm_campaign=logo_click
Milli Bank,1.8,16,"Omaha, United States",Poor,0,0,0,0,100,https://www.trustpilot.com/review/milli.bank,http://milli.bank?utm_medium=company_profile&utm_source=trustpilot&utm_campaign=logo_click
Sable,1.6,130,"New York, United States",Bad,16,2,1,2,79,https://www.trustpilot.com/review/sablecard.com,http://sablecard.com?utm_medium=company_profile&utm_source=trustpilot&utm_campaign=logo_click
RBFCU,1.6,73,"Live Oak, United States",Bad,8,1,0,3,88,https://www.trustpilot.com/review/www.rbfcu.org,https://www.rbfcu.org?utm_medium=company_profile&utm_source=trustpilot&utm_campaign=logo_click
Mutual of Omaha,1.6,43,"Omaha, United States",Bad,12,0,0,2,86,https://www.trustpilot.com/review/mutualofomaha.com,https://www.mutualofomaha.com/?utm_medium=company_profile&utm_source=trustpilot&utm_campaign=logo_click
eccount money,1.6,32,"Chester, United States",Bad,0,3,0,3,94,https://www.trustpilot.com/review/eccount.com,http://eccount.com?utm_medium=company_profile&utm_source=trustpilot&utm_campaign=logo_click
Plastk Secured Credit Card,1.5,319,,Bad,25,6,5,2,62,https://www.trustpilot.com/review/plastk.ca,http://plastk.ca?utm_medium=company_profile&utm_source=trustpilot&utm_campaign=logo_click
Stash,1.4,704,"New York, United States",Bad,33,13,5,4,45,https://www.trustpilot.com/review/stashinvest.com,https://www.stash.com/?utm_medium=company_profile&utm_source=trustpilot&utm_campaign=logo_click
BitPay,1.3,202,"Atlanta, United States",Bad,3,1,3,7,86,https://www.trustpilot.com/review/bitpay.com,http://bitpay.com?utm_medium=company_profile&utm_source=trustpilot&utm_campaign=logo_click
Freedom Mortgage ,1.2,111,"Mount Laurel, United States",Bad,3,1,1,4,91,https://www.trustpilot.com/review/www.freedommortgage.com,http://www.freedommortgage.com?utm_medium=company_profile&utm_source=trustpilot&utm_campaign=logo_click
Mogulverse,,,"New York, United States",,,,,,,https://www.trustpilot.com/review/mogulverse.co,
Farmers Insurance Federal Credit Union,,,"Burbank, United States",,,,,,,https://www.trustpilot.com/review/figfcu.org,
Eazifunds,,,"California , United States",,,,,,,https://www.trustpilot.com/review/eazifunds.com,
"Presto Loan Centers, LLC.",,,"Scottsdale, United States",,,,,,,https://www.trustpilot.com/review/www.prestoautoloans.com,
Money Financial Group Corporation,,,"Orlando, United States",,,,,,,https://www.trustpilot.com/review/moneyfg.com,
National Project Funding,,,"Huntington Beach, United States",,,,,,,https://www.trustpilot.com/review/nationalprojectfunding.com,
Meritus Capital,,,"Las Vegas, United States",,,,,,,https://www.trustpilot.com/review/merituscapital.com,
Franfund.com,,,,,,,,,,https://www.trustpilot.com/review/www.franfund.com,
KHoward Mortgage Team,,,"Mesa, United States",,,,,,,https://www.trustpilot.com/review/khowardmortgageteam.com,
Lebit finance,,,"Brooklyn, United States",,,,,,,https://www.trustpilot.com/review/lebitfinance.com,
Infinite Capital Group,,,"Brooklyn, United States",,,,,,,https://www.trustpilot.com/review/infinitecapitalgroup.com,
Sterncredit,,,"New york, United States",,,,,,,https://www.trustpilot.com/review/sterncredit.com,
Generic Trade,,,"Highland Park, United States",,,,,,,https://www.trustpilot.com/review/www.generictrade.com,
SGL Financial,,,"Buffalo Grove, United States",,,,,,,https://www.trustpilot.com/review/sglfinancial.com,
The ACF Group,,,,,,,,,,https://www.trustpilot.com/review/theacfgroup.com,
"Partners Funding, Inc.",,,"Fairmont, United States",,,,,,,https://www.trustpilot.com/review/partnersfundinginc.com,
Spirit of Alaska Federal Credit Union,,,"Fairbanks, United States",,,,,,,https://www.trustpilot.com/review/spiritofak.com,
Clearfund,,,"New York, United States",,,,,,,https://www.trustpilot.com/review/clearfund.co,
Universal Finance Corp,,,"Reading, United States",,,,,,,https://www.trustpilot.com/review/universalfinco.com,
Nicholshomelending,,,"San Antonio, United States",,,,,,,https://www.trustpilot.com/review/nicholshomelending.com,
VITAL Card,,,,,,,,,,https://www.trustpilot.com/review/vitalcard.com,
DreamCapitol.com,,,"Chicago, United States",,,,,,,https://www.trustpilot.com/review/www.dreamcapitol.com,
Reliantcapitalgrp,,,"Irvine, United States",,,,,,,https://www.trustpilot.com/review/reliantcapitalgrp.com,
Credit funding Gurus,,,,,,,,,,https://www.trustpilot.com/review/creditfundinggurus.com,
CAPIFUND,,,,,,,,,,https://www.trustpilot.com/review/capifund.us,
Sandora Capital,,,"New York, United States",,,,,,,https://www.trustpilot.com/review/sandoracapital.com,
securefundingsource.com,,,"Brooklyn, United States",,,,,,,https://www.trustpilot.com/review/securefundingsource.com,
1800moneymerchant,,,"miami beach, United States",,,,,,,https://www.trustpilot.com/review/1800moneymerchant.com,
Technical Analysts Guild,,,,,,,,,,https://www.trustpilot.com/review/technicalanalystsguild.com,
Breeze Advance,,,"Brooklyn, United States",,,,,,,https://www.trustpilot.com/review/breezeadvance.com,
Fund-Ex Solutions Group,,,,,,,,,,https://www.trustpilot.com/review/fundexsolutions.com,
Credit Online Club,,,"Miami, United States",,,,,,,https://www.trustpilot.com/review/creditonlineclub.com,
Island View Funding,,,"Patchogue, United States",,,,,,,https://www.trustpilot.com/review/islandviewfunding.com,
Vossi Finance,,,"Salt Lake City, United States",,,,,,,https://www.trustpilot.com/review/vossifinance.com,
Innovative Credit,,,"Orlando, United States",,,,,,,https://www.trustpilot.com/review/innovative.credit,
VIVA Finance,,,"Atlanta, United States",,,,,,,https://www.trustpilot.com/review/viva-finance.com,
troperial.com,,,"Dallas, United States",,,,,,,https://www.trustpilot.com/review/troperial.com,
Heir Cash Now,,,"Falls Church, United States",,,,,,,https://www.trustpilot.com/review/heircashnow.com,
Rehab Funding Corporation,,,"Chicago, United States",,,,,,,https://www.trustpilot.com/review/rehabfundingcorp.com,
kreditmagic.com,,,,,,,,,,https://www.trustpilot.com/review/kreditmagic.com,
zealreserve.com,,,"Manhattan Beach, United States",,,,,,,https://www.trustpilot.com/review/zealreserve.com,
Leap Payments,,,"Agoura Hills, United States",,,,,,,https://www.trustpilot.com/review/www.leappayments.com,
"INSIGNIA Financial Services, LLC",,,"Deerfield, United States",,,,,,,https://www.trustpilot.com/review/www.insigniafs.com,
Unitedchoicecapital,,,"Atlanta, United States",,,,,,,https://www.trustpilot.com/review/unitedchoicecapital.com,
"Make It A Great Day, Inc.",,,"Washougal, United States",,,,,,,https://www.trustpilot.com/review/miagd.com,
Simplisend,,,"Dover, United States",,,,,,,https://www.trustpilot.com/review/simplisend.com,
Sierra Pacific Federal Credit Union,,,"Reno, United States",,,,,,,https://www.trustpilot.com/review/sierrapacificfcu.org,
BUFFPay,,,,,,,,,,https://www.trustpilot.com/review/mybuffpay.com,
meredian.com,,,"Mission Viejo, United States",,,,,,,https://www.trustpilot.com/review/meredian.com,
investmentscy.com,,,"Long Beach, United States",,,,,,,https://www.trustpilot.com/review/investmentscy.com,
Capital Trading and Investment ,,,"New York, United States",,,,,,,https://www.trustpilot.com/review/ctitraders.com,
RentoMoney Inc,,,"New York, United States",,,,,,,https://www.trustpilot.com/review/rentomoney.com,
Bluestone Bank,,,"Raynham, United States",,,,,,,https://www.trustpilot.com/review/bluestone.bank,
steady trades LLC,,,,,,,,,,https://www.trustpilot.com/review/www.officialsteadytrades.com,
Outshine Home Loans,,,"Overland Park, United States",,,,,,,https://www.trustpilot.com/review/outshinehomeloans.com,
stonex.com,,,,,,,,,,https://www.trustpilot.com/review/www.stonex.com,
BankProv,,,"Amesbury, United States",,,,,,,https://www.trustpilot.com/review/bankprov.com,
Kings of Capital,,,"Eagleville, United States",,,,,,,https://www.trustpilot.com/review/kingsofcapital.com,
Seamands Funding Solutions,,,"Austin, United States",,,,,,,https://www.trustpilot.com/review/seamandsfundingsolutions.com,
Republic Bank of Chicago,,,"Oak Brook, United States",,,,,,,https://www.trustpilot.com/review/republicebank.com,
pronvest.com,,,"Chattanooga, United States",,,,,,,https://www.trustpilot.com/review/pronvest.com,
HomeFunds.com,,,"Los Angeles, United States",,,,,,,https://www.trustpilot.com/review/homefunds.com,
Olivia Wealth Management,,,"Reedley, United States",,,,,,,https://www.trustpilot.com/review/oliviawm.com,
Flash Legal Funding,,,"Sherman Oaks, United States",,,,,,,https://www.trustpilot.com/review/flashlegalfunding.com,
Sagewell Financial,,,"Cambridge, United States",,,,,,,https://www.trustpilot.com/review/www.sagewellfinancial.com,
a55.mx,,,,,,,,,,https://www.trustpilot.com/review/a55.mx,
Asset Commercial Credit,,,"Rocklin, United States",,,,,,,https://www.trustpilot.com/review/www.assetcc.com,
Orange Circle International,,,"PALM DESERT, United States",,,,,,,https://www.trustpilot.com/review/ociloans.com,
Algofund500,,,,,,,,,,https://www.trustpilot.com/review/algofund500.com,
Velocifin,,,"Bellingham, United States",,,,,,,https://www.trustpilot.com/review/velocifin.com,
Mbraccapital,,,"Charlotte, United States",,,,,,,https://www.trustpilot.com/review/mbraccapital.com,
cescu.com,,,"Mount Vernon, United States",,,,,,,https://www.trustpilot.com/review/cescu.com,
aVenture,,,"San Francisco, United States",,,,,,,https://www.trustpilot.com/review/aventure.vc,
Asset Commercial Credit,,,"Rocklin, United States",,,,,,,https://www.trustpilot.com/review/www.assetcc.com,
PlanMember,,,"Carpinteria, United States",,,,,,,https://www.trustpilot.com/review/planmember.com,
Airbase,,,"San Francisco, United States",,,,,,,https://www.trustpilot.com/review/airbase.com,
Loanwyse,,,"Irvine, United States",,,,,,,https://www.trustpilot.com/review/loanwyse.com,
Purse Money,,,"Delaware, United States",,,,,,,https://www.trustpilot.com/review/purse.money,
First Service Credit Union,,,"Houston, United States",,,,,,,https://www.trustpilot.com/review/fscu.com,
Credello,,,"Jersey City, United States",,,,,,,https://www.trustpilot.com/review/credello.com,
Davanti Capital,,,"Wilmington, United States",,,,,,,https://www.trustpilot.com/review/davanticapital.com,
Coastalcapitalconsulting,,,"Larose, United States",,,,,,,https://www.trustpilot.com/review/coastalcapitalconsulting.com,
Stockx,,,"New York, United States",,,,,,,https://www.trustpilot.com/review/stockx.tech,
Money Pickle,,,"Royal Oak, United States",,,,,,,https://www.trustpilot.com/review/moneypickle.com,
Delhi Magazines,,,,,,,,,,https://www.trustpilot.com/review/delhimagazines.com,
Prop Pilot Academy,,,,,,,,,,https://www.trustpilot.com/review/proppilotacademy.com,
Snows Tax & Financial Service,,,"Paragould, United States",,,,,,,https://www.trustpilot.com/review/snowstaxservice.us,
Mbtfunds,,,"New York , United States",,,,,,,https://www.trustpilot.com/review/mbtfunds.com,
U.S. Cherry,,,,,,,,,,https://www.trustpilot.com/review/uscherry.com,
Cheqly,,,"San Francisco , United States",,,,,,,https://www.trustpilot.com/review/cheqly.com,
Choice,,,,,,,,,,https://www.trustpilot.com/review/retirewithchoice.com,
Merrill Lynch - Tom Weisenfels,,,"Wilmington, United States",,,,,,,https://www.trustpilot.com/review/fa.ml.com,
Alleviate Funding,,,"Laguna Hills, United States",,,,,,,https://www.trustpilot.com/review/alleviatefunding.com,
Genesistraders,,,"avenue South , United States",,,,,,,https://www.trustpilot.com/review/genesistraders.net,
iCapital Investment ,,,"McLean, Virginia , United States",,,,,,,https://www.trustpilot.com/review/icapitalinvestplus.com,
Evergreen Oak Capital,,,"colorado, United States",,,,,,,https://www.trustpilot.com/review/evergreenoakcapital.com,
Ampla,,,"New York, United States",,,,,,,https://www.trustpilot.com/review/getampla.com,
porterbillingservices.com,,,"Birmingham, United States",,,,,,,https://www.trustpilot.com/review/porterbillingservices.com,
International Investment Capital LLC,,,"Sheridan , United States",,,,,,,https://www.trustpilot.com/review/i-inca.com,
"Exeter 1031 Exchange Services, LLC",,,"San Diego, United States",,,,,,,https://www.trustpilot.com/review/exeterco.com,
